query_id,document_id
126,en.3.326.80.2009.9.5
126,en.15.147.229.2009.10.6
126,en.3.322.338.2009.8.7
126,en.15.147.222.2009.10.4
126,en.2.260.111.2009.4.29
126,en.13.25.179.2009.11.8
126,en.15.151.83.2009.10.31
126,en.3.329.19.2009.9.22
126,en.3.350.209.2010.2.18
126,en.3.326.404.2009.9.3
126,en.2.279.7.1970.1.1
126,en.15.147.224.2009.10.5
126,en.3.331.91.2009.10.11
126,en.2.279.472.2009.8.30
126,en.2.281.34.2009.9.11
126,en.3.326.205.2009.9.2
126,en.2.268.455.2009.6.18
126,en.13.1.53.2009.5.31
126,en.3.322.206.2009.8.7
126,en.2.278.125.2009.8.27
126,en.13.10.19.2009.7.30
126,en.3.326.26.2009.9.2
126,en.3.326.252.2009.9.2
126,en.3.366.412.2010.5.26
126,en.15.151.62.2009.11.4
126,en.15.124.268.2009.5.15
126,en.2.317.224.2010.5.28
126,en.13.8.152.2009.7.16
126,en.15.220.33.2007.11.10
126,en.3.331.441.2009.10.13
126,en.15.125.223.2009.5.20
126,en.3.326.347.2009.9.4
126,en.3.326.381.2009.9.2
126,en.13.45.6.2010.3.25
126,en.15.151.98.2009.11.3
126,en.15.136.355.2009.7.24
126,en.3.331.84.2009.10.10
126,en.2.260.180.2009.4.29
126,en.13.8.362.2009.7.16
126,en.3.333.11.2009.10.24
126,en.15.147.306.2009.10.7
126,en.2.281.331.2009.9.9
126,en.3.331.451.2009.10.12
126,en.2.279.287.2009.8.31
126,en.3.329.374.2009.9.27
126,en.13.27.84.2009.11.19
126,en.15.154.217.2009.11.26
126,en.2.279.180.2009.8.31
126,en.3.329.447.2009.9.22
126,en.2.278.93.2009.8.26
127,en.15.103.297.2009.1.4
127,en.15.86.478.2008.9.24
127,en.15.136.294.2009.7.22
127,en.15.132.109.2009.7.1
127,en.15.135.383.2009.7.22
127,en.3.353.28.2010.3.10
127,en.3.381.157.2007.7.24
127,en.15.81.218.2008.8.22
127,en.15.156.46.2009.12.11
127,en.15.136.240.2009.7.21
127,en.3.348.163.2010.2.6
127,en.3.417.283.2008.1.9
127,en.15.167.44.2010.2.23
127,en.15.78.348.2008.8.1
127,en.15.240.448.2008.2.7
127,en.3.398.95.2007.10.18
127,en.3.414.331.2007.12.27
127,en.15.128.236.2009.6.5
127,en.15.204.145.2007.8.24
127,en.3.395.122.2007.10.2
127,en.15.136.476.2009.7.22
127,en.15.221.441.2007.11.12
127,en.15.221.237.2007.11.12
127,en.15.229.78.2007.12.19
127,en.15.98.105.2008.11.27
127,en.15.232.156.2008.1.3
127,en.3.347.486.2010.2.4
127,en.3.356.123.2010.4.3
127,en.3.350.336.2010.2.19
127,en.15.73.221.2008.6.26
127,en.15.80.275.2008.8.18
127,en.3.348.125.2010.2.6
127,en.3.347.165.2010.1.31
127,en.15.167.10.2010.2.23
127,en.15.184.26.2010.6.2
127,en.3.380.251.2007.7.19
127,en.15.98.499.2008.11.26
127,en.15.85.24.2008.9.19
127,en.15.229.218.2007.12.24
127,en.3.389.60.2007.9.3
127,en.15.249.220.2008.3.10
127,en.3.348.486.2010.2.7
127,en.15.252.364.2008.3.23
127,en.15.184.305.2010.6.2
127,en.15.90.391.2008.10.16
127,en.15.97.362.2008.11.22
127,en.3.322.495.2009.8.7
127,en.15.201.389.2007.8.11
127,en.15.78.217.2008.8.2
127,en.15.75.49.2008.7.12
128,en.15.86.41.2008.9.26
128,en.15.206.323.2007.8.31
128,en.3.410.281.2007.12.6
128,en.15.225.130.2007.12.6
128,en.13.31.487.2010.1.2
128,en.15.64.298.2008.4.28
128,en.13.30.67.2009.12.25
128,en.15.229.13.2007.12.24
128,en.13.41.376.2010.3.1
128,en.3.349.179.1970.1.1
128,en.13.55.72.2010.5.23
128,en.15.140.216.2009.8.22
128,en.15.202.161.2007.8.15
128,en.15.254.371.2008.3.27
128,en.15.215.487.2007.10.22
128,en.15.85.74.2008.9.20
128,en.15.254.465.2008.3.28
128,en.15.107.10.2009.1.29
128,en.3.333.443.2009.10.28
128,en.15.179.68.2010.5.4
128,en.3.388.266.2007.8.31
128,en.15.61.167.2008.4.14
128,en.15.140.182.2009.8.22
128,en.2.320.122.2010.6.12
128,en.13.55.90.2010.5.23
128,en.15.115.3.2009.2.14
128,en.3.373.157.2007.6.11
128,en.13.59.270.2010.6.11
128,en.2.270.361.2009.7.2
128,en.3.331.231.2009.10.9
128,en.13.31.6.2009.12.31
128,en.15.117.252.2009.2.22
128,en.15.237.84.2008.1.25
128,en.3.356.250.2010.4.2
128,en.15.248.460.2008.3.8
128,en.2.317.267.2010.5.28
128,en.3.391.415.2007.9.14
128,en.2.291.172.2009.12.2
128,en.15.147.203.2009.10.5
128,en.3.383.368.2007.8.1
128,en.3.332.322.2009.10.21
128,en.15.80.116.2008.8.18
128,en.15.194.152.2007.7.3
128,en.13.30.209.2009.12.26
128,en.15.156.172.2009.12.19
128,en.15.160.286.2010.1.15
128,en.13.31.488.2009.12.28
128,en.2.317.365.2010.5.28
128,en.2.258.201.2009.4.22
128,en.13.41.179.2010.3.1
129,en.15.141.445.2009.8.29
129,en.2.298.269.1970.1.1
129,en.15.132.155.2009.7.1
129,en.15.132.44.2009.6.26
129,en.13.8.466.2009.7.11
129,en.15.137.476.2009.7.31
129,en.15.136.153.2009.7.20
129,en.3.333.197.2009.10.27
129,en.3.333.336.2009.10.23
129,en.15.139.473.2009.8.12
129,en.2.277.79.2009.8.19
129,en.2.277.373.2009.8.19
129,en.15.140.5.2009.8.22
129,en.15.136.376.2009.7.25
129,en.15.132.391.2009.6.28
129,en.3.327.392.2009.9.12
129,en.15.132.489.2009.6.26
129,en.15.132.202.2009.6.26
129,en.2.271.457.2009.7.8
129,en.15.87.431.2008.10.1
129,en.2.270.162.2009.7.2
129,en.3.331.99.2009.10.12
129,en.15.132.364.2009.6.28
129,en.15.132.153.2009.6.28
129,en.15.132.102.2009.6.28
129,en.13.8.68.2009.7.11
129,en.13.55.2.2010.5.24
129,en.13.8.358.2009.7.14
129,en.13.8.79.2009.7.14
129,en.3.329.29.2009.9.25
129,en.3.331.310.2009.10.13
129,en.13.27.373.2009.11.21
129,en.2.275.340.2009.8.4
129,en.15.96.418.2008.11.20
129,en.2.271.199.2009.7.10
129,en.2.275.213.2009.8.4
129,en.15.132.367.2009.6.28
129,en.2.305.365.2010.3.16
129,en.2.277.462.2009.8.18
129,en.2.278.114.2009.8.25
129,en.15.132.121.2009.6.30
129,en.15.132.336.2009.6.29
129,en.3.343.140.2010.1.9
129,en.13.10.280.2009.7.29
129,en.2.281.481.2009.9.9
129,en.15.132.108.2009.6.28
129,en.2.271.202.2009.7.8
129,en.3.326.101.2009.9.6
129,en.15.132.99.2009.6.30
129,en.15.132.331.2009.6.27
130,en.3.378.475.2007.7.9
130,en.15.203.470.2007.8.21
130,en.15.68.138.2008.5.25
130,en.15.251.174.2008.3.16
130,en.15.69.149.2008.5.31
130,en.15.236.383.2008.1.22
130,en.3.407.366.2007.11.27
130,en.15.72.98.2008.6.19
130,en.3.397.110.2007.10.12
130,en.2.275.5.2009.8.2
130,en.15.68.155.2008.5.25
130,en.15.79.493.2008.8.14
130,en.13.41.322.2010.2.28
130,en.15.98.384.2008.11.30
130,en.15.108.62.2009.2.6
130,en.13.54.432.2010.5.14
130,en.13.31.317.2009.12.30
130,en.15.194.76.2007.7.3
130,en.15.74.58.2008.6.30
130,en.15.196.350.2007.7.15
130,en.15.64.283.2008.4.27
130,en.3.326.233.2009.9.5
130,en.15.231.286.2008.1.1
130,en.3.349.98.2010.2.16
130,en.13.31.126.2009.12.29
130,en.15.238.333.2008.1.30
130,en.15.67.325.2008.5.17
130,en.15.89.239.2008.10.13
130,en.3.373.289.2007.6.9
130,en.15.99.372.2008.12.4
130,en.15.105.47.2009.1.12
130,en.3.380.497.2007.7.20
130,en.15.232.170.2008.1.5
130,en.3.392.311.2007.9.19
130,en.15.74.440.2008.7.1
130,en.15.147.432.2009.10.7
130,en.15.63.402.2008.4.24
130,en.15.73.210.2008.6.24
130,en.3.378.187.2007.7.7
130,en.15.66.29.2008.5.11
130,en.15.68.145.2008.5.24
130,en.3.389.45.2007.9.1
130,en.15.69.185.2008.6.4
130,en.15.67.249.2008.5.17
130,en.15.156.423.1970.1.1
130,en.15.69.143.2008.6.4
130,en.15.220.347.2007.11.12
130,en.15.104.328.2009.1.8
130,en.15.244.174.2008.2.24
130,en.15.92.378.2008.10.25
131,en.13.59.310.2010.6.8
131,en.15.135.225.2009.7.16
131,en.15.135.417.2009.7.17
131,en.15.188.79.2007.6.4
131,en.2.291.92.2009.12.1
131,en.15.219.443.2007.11.4
131,en.15.110.465.2009.3.23
131,en.15.93.166.2008.10.31
131,en.3.372.210.2007.6.8
131,en.15.229.25.2007.12.25
131,en.15.188.2.2007.6.5
131,en.15.218.130.2007.11.2
131,en.15.240.234.2008.2.7
131,en.15.65.227.2008.5.4
131,en.15.204.115.2007.8.24
131,en.15.231.240.2008.1.2
131,en.15.132.451.2009.6.26
131,en.15.179.54.2010.5.5
131,en.15.68.363.2008.5.26
131,en.15.188.146.2007.6.6
131,en.13.31.292.2009.12.31
131,en.15.106.232.2009.1.24
131,en.15.241.271.2008.2.11
131,en.2.291.52.2009.12.3
131,en.15.81.277.2008.8.24
131,en.13.31.301.2009.12.30
131,en.15.95.365.2008.11.15
131,en.3.376.60.2007.6.25
131,en.2.291.73.2009.11.30
131,en.13.31.98.2009.12.29
131,en.3.401.374.2007.10.30
131,en.2.260.88.2009.4.29
131,en.15.237.113.2008.1.25
131,en.3.356.120.2010.3.30
131,en.15.256.334.2008.4.8
131,en.15.186.45.2007.5.29
131,en.3.401.415.2007.10.30
131,en.3.376.342.2007.6.25
131,en.15.239.210.2008.2.5
131,en.15.188.329.2007.6.5
131,en.15.237.75.2008.1.27
131,en.13.59.51.2010.6.10
131,en.15.187.389.2007.6.1
131,en.15.116.364.2009.2.20
131,en.15.188.199.2007.6.5
131,en.15.118.26.2009.4.3
131,en.3.376.293.2007.6.25
131,en.15.188.351.2007.6.5
131,en.3.397.245.2007.10.11
131,en.15.202.307.2007.8.14
132,en.15.94.353.2008.11.5
132,en.15.94.56.2008.11.5
132,en.3.417.297.2008.1.9
132,en.15.94.118.2008.11.5
132,en.15.136.69.2009.7.23
132,en.15.94.334.2008.11.6
132,en.15.70.83.2008.6.7
132,en.15.94.352.2008.11.5
132,en.15.247.124.2008.3.5
132,en.15.107.199.2009.2.1
132,en.3.343.69.2010.1.13
132,en.13.25.470.2009.11.8
132,en.15.115.343.2009.2.15
132,en.15.94.448.2008.11.7
132,en.15.94.246.2008.11.8
132,en.15.139.380.2009.8.12
132,en.2.271.293.2009.7.7
132,en.15.242.276.2008.2.13
132,en.15.147.317.2009.10.3
132,en.15.94.103.2008.11.6
132,en.2.270.171.2009.7.6
132,en.15.96.379.2008.11.20
132,en.15.90.50.2008.10.19
132,en.3.357.104.1970.1.1
132,en.15.93.133.2008.11.3
132,en.15.128.12.2009.6.5
132,en.15.94.294.2008.11.8
132,en.15.247.461.2008.3.5
132,en.2.289.462.2009.11.17
132,en.15.94.206.2008.11.6
132,en.3.350.437.2010.2.21
132,en.15.72.272.2008.6.19
132,en.15.63.32.2008.4.22
132,en.15.107.106.2009.2.1
132,en.15.72.352.2008.6.22
132,en.15.250.141.2008.3.12
132,en.3.358.40.2010.4.13
132,en.15.81.184.2008.8.23
132,en.15.94.391.2008.11.10
132,en.15.95.370.2008.11.11
132,en.3.354.264.2010.3.22
132,en.15.109.134.2009.2.10
132,en.15.160.382.2010.1.15
132,en.15.68.31.2008.5.24
132,en.2.317.70.2010.5.27
132,en.15.109.15.2009.2.10
132,en.15.94.459.2008.11.5
132,en.15.156.110.2009.12.15
132,en.15.107.453.2009.1.27
132,en.15.86.331.2008.9.28
133,en.15.82.100.2008.9.3
133,en.3.327.81.2009.9.11
133,en.3.373.433.2007.6.9
133,en.15.203.148.2007.8.21
133,en.2.264.403.2009.5.28
133,en.15.203.83.2007.8.19
133,en.3.327.275.2009.9.12
133,en.3.388.78.2007.8.29
133,en.15.111.124.2009.3.23
133,en.3.388.171.2007.8.29
133,en.3.400.276.2007.10.27
133,en.15.106.500.2009.1.22
133,en.15.210.340.2007.9.30
133,en.15.243.14.2008.2.17
133,en.15.99.90.2008.12.5
133,en.15.234.6.2008.1.14
133,en.15.246.121.2008.2.28
133,en.2.264.223.2009.5.29
133,en.15.243.484.2008.2.17
133,en.15.210.237.2007.9.27
133,en.15.210.491.2007.9.27
133,en.15.201.280.2007.8.8
133,en.15.100.303.2008.12.12
133,en.3.343.53.2010.1.13
133,en.15.112.255.2009.3.10
133,en.3.403.352.2007.11.6
133,en.15.97.414.2008.11.23
133,en.15.227.251.2007.12.11
133,en.15.82.362.2008.9.1
133,en.15.242.35.2008.2.15
133,en.3.410.311.2007.12.9
133,en.15.60.89.2008.4.9
133,en.15.81.470.2008.8.25
133,en.15.81.332.2008.8.25
133,en.15.227.100.2007.12.10
133,en.2.268.149.2009.6.18
133,en.15.251.30.2008.3.18
133,en.15.237.55.2008.1.26
133,en.2.262.305.2009.5.14
133,en.2.258.361.2009.4.22
133,en.15.104.221.2009.1.10
133,en.15.121.338.2009.4.25
133,en.15.115.416.2009.2.12
133,en.2.289.33.2009.11.15
133,en.15.89.52.2008.10.15
133,en.2.282.8.2009.9.17
133,en.15.104.225.2009.1.10
133,en.2.281.127.2009.9.15
133,en.3.397.320.2007.10.11
133,en.15.99.351.2008.12.3
134,en.3.353.489.2010.3.15
134,en.15.80.224.2008.8.17
134,en.3.348.310.2010.2.5
134,en.15.102.172.2008.12.26
134,en.3.357.402.2010.4.8
134,en.15.220.22.2007.11.10
134,en.15.84.472.2008.9.14
134,en.2.266.418.2009.6.9
134,en.15.76.8.2008.7.23
134,en.15.245.235.2008.2.27
134,en.2.278.406.2009.8.26
134,en.3.329.471.2009.9.25
134,en.15.215.192.2007.10.22
134,en.13.31.102.2009.12.31
134,en.15.172.253.2010.3.28
134,en.15.75.172.2008.7.14
134,en.2.263.48.2009.5.23
134,en.15.231.214.2008.1.1
134,en.15.125.368.2009.5.18
134,en.15.238.387.2008.1.31
134,en.3.414.446.2007.12.27
134,en.15.239.208.2008.2.4
134,en.2.268.66.2009.6.19
134,en.15.64.286.2008.4.26
134,en.2.270.62.2009.7.4
134,en.15.227.32.2007.12.13
134,en.15.254.257.2008.3.28
134,en.15.251.430.2008.3.16
134,en.15.118.74.2009.4.3
134,en.15.243.46.2008.2.18
134,en.13.59.256.2010.6.11
134,en.15.128.116.2009.6.6
134,en.3.390.223.2007.9.9
134,en.3.352.167.2010.3.7
134,en.15.108.414.2009.2.4
134,en.15.238.86.2008.1.30
134,en.3.356.485.2010.4.1
134,en.3.407.325.2007.11.27
134,en.15.228.154.2007.12.14
134,en.15.212.33.2007.10.5
134,en.2.271.310.2009.7.7
134,en.15.239.78.2008.2.1
134,en.15.249.143.2008.3.10
134,en.15.65.66.2008.5.4
134,en.15.68.6.2008.5.27
134,en.15.251.69.2008.3.17
134,en.15.238.467.2008.1.31
134,en.15.227.333.2007.12.13
134,en.3.358.434.2010.4.12
134,en.15.238.364.2008.1.31
135,en.15.108.158.2009.2.2
135,en.3.354.305.2010.3.20
135,en.2.289.265.2009.11.17
135,en.15.67.174.2008.5.17
135,en.13.3.70.2009.6.12
135,en.3.372.281.2007.6.7
135,en.15.140.39.2009.8.23
135,en.3.372.212.2007.6.8
135,en.3.349.14.2010.2.16
135,en.15.132.124.2009.6.29
135,en.13.10.440.2009.7.28
135,en.15.123.73.2009.5.9
135,en.15.61.235.2008.4.14
135,en.15.256.239.2008.4.8
135,en.13.55.6.2010.5.20
135,en.13.59.108.2010.6.10
135,en.2.263.252.2009.5.23
135,en.13.3.33.2009.6.11
135,en.15.70.462.2008.6.9
135,en.2.268.232.2009.6.18
135,en.15.155.40.2009.12.8
135,en.2.260.428.2009.5.2
135,en.2.270.44.2009.7.2
135,en.13.3.498.2009.6.11
135,en.2.268.436.2009.6.25
135,en.3.349.284.2010.2.12
135,en.2.320.200.2010.6.12
135,en.13.3.11.2009.6.10
135,en.15.70.480.2008.6.9
135,en.13.59.322.2010.6.10
135,en.13.3.22.2009.6.13
135,en.15.96.239.2008.11.19
135,en.15.96.202.2008.11.19
135,en.3.338.259.2009.12.6
135,en.15.118.93.2009.4.5
135,en.13.3.183.2009.6.12
135,en.13.3.479.2009.6.13
135,en.2.270.3.2009.7.3
135,en.3.356.357.2010.4.1
135,en.13.8.237.2009.7.13
135,en.15.121.111.2009.4.27
135,en.15.74.211.2008.7.3
135,en.15.110.250.2009.3.29
135,en.13.8.168.2009.7.13
135,en.15.84.360.2008.9.16
135,en.15.188.491.2007.6.5
135,en.15.105.309.2009.1.14
135,en.3.388.239.2007.8.28
135,en.13.1.443.2009.6.2
135,en.13.3.367.2009.6.12
136,en.3.354.497.2010.3.19
136,en.15.237.392.2008.1.27
136,en.3.373.320.2007.6.9
136,en.15.210.278.2007.9.28
136,en.15.101.419.2008.12.15
136,en.3.403.356.2007.11.6
136,en.3.395.7.2007.10.3
136,en.15.188.366.2007.6.7
136,en.15.104.52.2009.1.9
136,en.13.30.221.2009.12.22
136,en.15.248.224.2008.3.9
136,en.15.89.477.2008.10.15
136,en.15.210.330.2007.9.30
136,en.15.100.35.2008.12.11
136,en.15.243.241.2008.2.20
136,en.3.397.179.2007.10.11
136,en.15.61.245.2008.4.17
136,en.15.100.361.2008.12.14
136,en.15.109.170.2009.2.8
136,en.15.225.152.2007.12.4
136,en.15.97.64.2008.11.25
136,en.15.97.115.2008.11.26
136,en.15.103.119.2009.1.2
136,en.2.291.359.2009.12.3
136,en.13.55.469.2010.5.24
136,en.15.125.260.2009.5.19
136,en.15.88.185.2008.10.5
136,en.13.55.290.2010.5.23
136,en.15.96.391.2008.11.19
136,en.15.229.382.2007.12.22
136,en.15.96.99.2008.11.20
136,en.15.123.444.2009.5.7
136,en.3.391.86.2007.9.15
136,en.3.401.452.2007.10.30
136,en.15.64.162.2008.4.29
136,en.3.352.63.2010.3.8
136,en.15.63.200.2008.4.25
136,en.15.90.499.2008.10.18
136,en.15.204.193.2007.8.25
136,en.15.100.277.2008.12.12
136,en.15.105.414.2009.1.20
136,en.3.373.409.2007.6.11
136,en.15.104.23.2009.1.11
136,en.15.218.3.2007.11.1
136,en.15.91.428.2008.10.21
136,en.15.90.238.2008.10.20
136,en.15.160.266.2010.1.14
136,en.13.3.421.2009.6.11
136,en.15.97.11.2008.11.24
136,en.13.3.293.2009.6.11
137,en.15.125.486.2009.5.19
137,en.15.121.11.2009.4.26
137,en.3.322.136.2009.8.7
137,en.3.322.329.2009.8.7
137,en.15.125.410.2009.5.18
137,en.15.103.150.2009.1.1
137,en.15.109.69.2009.2.9
137,en.3.414.93.2007.12.30
137,en.15.227.37.2007.12.11
137,en.15.62.429.2008.4.20
137,en.15.63.96.2008.4.23
137,en.15.125.278.2009.5.19
137,en.15.125.313.2009.5.18
137,en.2.268.45.2009.6.17
137,en.2.263.424.2009.5.25
137,en.2.264.9.2009.5.29
137,en.15.85.243.2008.9.18
137,en.15.121.97.2009.4.27
137,en.15.210.471.2007.9.30
137,en.13.1.417.2009.6.2
137,en.15.95.326.2008.11.10
137,en.13.1.370.2009.6.2
137,en.15.80.372.2008.8.19
137,en.3.397.200.2007.10.13
137,en.15.105.44.2009.1.21
137,en.15.103.201.2009.1.2
137,en.13.3.333.2009.6.11
137,en.2.262.412.2009.5.13
137,en.2.262.450.2009.5.14
137,en.15.106.213.2009.1.26
137,en.15.113.48.2009.3.15
137,en.15.125.347.2009.5.19
137,en.2.258.493.2009.4.21
137,en.15.106.361.2009.1.22
137,en.3.380.409.2007.7.20
137,en.15.106.161.2009.1.26
137,en.15.109.358.2009.2.10
137,en.15.107.168.2009.1.30
137,en.15.125.382.2009.5.18
137,en.15.102.178.2008.12.22
137,en.15.113.348.2009.3.13
137,en.15.100.419.2008.12.11
137,en.2.260.218.2009.5.2
137,en.15.109.274.2009.2.9
137,en.15.103.272.2009.1.2
137,en.15.108.385.2009.2.4
137,en.2.262.466.2009.5.12
137,en.15.112.371.2009.3.12
137,en.15.101.428.2008.12.21
137,en.15.104.74.2009.1.7
138,en.3.354.305.2010.3.20
138,en.2.289.265.2009.11.17
138,en.15.151.369.2009.11.6
138,en.15.140.39.2009.8.23
138,en.15.113.375.2009.3.7
138,en.15.240.130.2008.2.8
138,en.3.353.245.2010.3.10
138,en.3.353.354.2010.3.10
138,en.13.10.440.2009.7.28
138,en.3.410.248.2007.12.7
138,en.15.135.104.2009.7.17
138,en.13.41.313.2010.3.5
138,en.15.114.499.2009.3.3
138,en.15.110.100.2009.3.29
138,en.3.359.357.2010.4.19
138,en.3.361.203.1970.1.1
138,en.15.240.14.2008.2.7
138,en.3.395.180.2007.10.3
138,en.2.271.401.2009.7.8
138,en.2.319.496.2010.6.7
138,en.3.343.13.2010.1.11
138,en.3.397.215.2007.10.10
138,en.15.80.371.2008.8.21
138,en.13.5.19.2009.6.24
138,en.15.68.402.2008.5.24
138,en.3.359.232.2010.4.19
138,en.2.320.349.2010.6.8
138,en.2.298.6.2010.1.27
138,en.15.188.151.2007.6.6
138,en.13.51.220.2010.5.3
138,en.3.358.435.2010.4.15
138,en.3.361.253.2010.4.28
138,en.15.248.286.2008.3.7
138,en.3.374.220.2007.6.15
138,en.3.358.459.2010.4.15
138,en.2.319.56.2010.6.3
138,en.15.116.456.2009.2.16
138,en.15.236.399.2008.1.23
138,en.15.68.407.2008.5.28
138,en.15.187.165.2007.6.1
138,en.3.357.93.2010.4.4
138,en.3.361.105.2010.4.27
138,en.3.400.10.2007.10.27
138,en.3.407.408.2007.11.25
138,en.3.405.4.2007.11.13
138,en.2.271.259.2009.7.6
138,en.15.117.407.2009.2.24
138,en.3.400.95.2007.10.25
138,en.2.305.28.2010.3.16
138,en.13.41.102.2010.3.3
139,en.15.160.247.2010.1.14
139,en.15.123.145.2009.5.6
139,en.2.275.454.2009.8.3
139,en.15.63.337.2008.4.22
139,en.15.96.12.2008.11.18
139,en.15.123.345.2009.5.7
139,en.3.347.198.2010.2.2
139,en.3.376.8.2007.6.25
139,en.15.80.256.2008.8.15
139,en.15.100.152.2008.12.13
139,en.2.260.303.2009.5.3
139,en.3.401.84.2007.10.29
139,en.2.296.318.2010.1.18
139,en.15.98.426.2008.12.1
139,en.15.64.405.2008.4.27
139,en.15.204.493.2007.8.23
139,en.2.260.53.2009.5.4
139,en.2.289.388.2009.11.18
139,en.15.119.206.2009.4.16
139,en.15.119.263.2009.4.13
139,en.15.101.11.2008.12.16
139,en.15.103.119.2009.1.2
139,en.3.347.407.2010.2.4
139,en.15.120.141.2009.4.22
139,en.2.258.437.2009.4.19
139,en.15.121.106.2009.4.26
139,en.15.97.129.2008.11.21
139,en.15.99.252.2008.12.3
139,en.13.31.149.2009.12.29
139,en.13.54.248.2010.5.14
139,en.2.309.498.2010.4.10
139,en.15.119.440.2009.4.16
139,en.15.188.142.2007.6.4
139,en.15.160.266.2010.1.14
139,en.15.100.361.2008.12.14
139,en.15.100.62.2008.12.14
139,en.15.63.6.2008.4.21
139,en.2.266.223.2009.6.8
139,en.2.258.61.2009.4.21
139,en.15.108.470.2009.2.5
139,en.2.298.321.2010.1.28
139,en.3.357.494.2010.4.6
139,en.15.139.344.2009.8.10
139,en.15.101.66.2008.12.18
139,en.13.31.249.2009.12.27
139,en.15.121.483.2009.4.26
139,en.15.87.444.2008.10.1
139,en.13.26.50.2009.11.11
139,en.15.88.289.2008.10.8
139,en.15.151.306.2009.10.31
140,en.3.383.371.2007.8.5
140,en.15.68.126.2008.5.26
140,en.15.68.248.2008.5.26
140,en.15.72.127.2008.6.20
140,en.3.329.110.2009.9.24
140,en.15.95.293.2008.11.11
140,en.15.78.66.2008.8.6
140,en.15.227.97.2007.12.12
140,en.3.329.1.1970.1.1
140,en.15.78.283.2008.8.5
140,en.15.95.343.2008.11.14
140,en.3.331.405.2009.10.10
140,en.15.186.159.2007.5.28
140,en.3.361.183.2010.4.29
140,en.3.414.227.2007.12.26
140,en.3.331.272.2009.10.11
140,en.15.95.441.2008.11.15
140,en.2.289.31.2009.11.14
140,en.15.91.421.2008.10.21
140,en.15.77.499.2008.7.29
140,en.15.96.165.2008.11.18
140,en.15.86.201.2008.9.28
140,en.15.78.213.2008.8.1
140,en.15.68.307.2008.5.23
140,en.2.283.225.2009.9.30
140,en.15.96.173.2008.11.19
140,en.15.216.199.2007.10.23
140,en.3.331.402.2009.10.11
140,en.15.202.454.2007.8.14
140,en.15.240.66.2008.2.5
140,en.15.82.133.2008.9.4
140,en.3.406.268.2007.11.23
140,en.3.389.334.2007.9.3
140,en.15.201.11.2007.8.12
140,en.15.71.145.2008.6.17
140,en.15.85.191.2008.9.19
140,en.15.254.438.2008.3.27
140,en.3.356.417.2010.3.29
140,en.15.112.70.2009.3.12
140,en.3.395.37.2007.10.4
140,en.15.220.157.2007.11.8
140,en.2.264.421.2009.5.27
140,en.15.72.292.2008.6.21
140,en.15.105.327.2009.1.20
140,en.3.373.403.2007.6.11
140,en.13.10.423.2009.7.29
140,en.3.356.300.2010.4.4
140,en.15.118.324.2009.4.4
140,en.15.240.265.2008.2.7
140,en.3.391.102.2007.9.15
141,en.3.381.311.2007.7.24
141,en.15.201.187.2007.8.11
141,en.15.71.297.2008.6.16
141,en.15.246.407.2008.2.28
141,en.15.106.428.2009.1.27
141,en.3.405.375.2007.11.15
141,en.15.253.29.2008.3.26
141,en.15.85.405.2008.9.19
141,en.3.357.326.2010.4.7
141,en.15.235.70.2008.1.16
141,en.15.225.436.2007.12.4
141,en.15.111.464.2009.3.22
141,en.15.204.422.2007.8.24
141,en.3.381.204.2007.7.25
141,en.15.93.446.2008.11.1
141,en.15.245.148.2008.2.25
141,en.15.235.83.2008.1.16
141,en.15.235.50.2008.1.16
141,en.15.253.167.2008.3.26
141,en.15.236.227.2008.1.20
141,en.15.231.415.2008.1.1
141,en.15.74.410.2008.7.2
141,en.15.253.390.2008.3.26
141,en.15.75.464.2008.7.8
141,en.15.210.291.2007.9.26
141,en.15.103.320.2009.1.1
141,en.15.253.238.2008.3.23
141,en.15.71.491.2008.6.13
141,en.3.322.175.2009.8.9
141,en.3.419.9.2008.1.18
141,en.15.92.188.2008.10.30
141,en.15.209.414.2007.9.25
141,en.3.376.158.2007.6.27
141,en.3.375.470.2007.6.19
141,en.15.93.346.2008.11.3
141,en.15.125.421.2009.5.20
141,en.13.55.252.2010.5.21
141,en.15.75.383.2008.7.11
141,en.3.363.424.2010.5.8
141,en.3.322.174.2009.8.7
141,en.15.98.120.2008.12.2
141,en.3.383.469.2007.8.6
141,en.3.373.91.2007.6.12
141,en.3.391.75.2007.9.12
141,en.15.72.190.2008.6.19
141,en.15.75.211.2008.7.13
141,en.15.77.413.2008.7.25
141,en.15.107.93.2009.1.29
141,en.15.115.173.2009.2.11
141,en.13.41.109.2010.3.3
142,en.3.329.157.2009.9.20
142,en.2.291.12.2009.11.30
142,en.3.406.134.2007.11.20
142,en.15.218.61.2007.11.1
142,en.13.8.153.2009.7.16
142,en.15.128.107.2009.6.5
142,en.15.225.27.2007.12.5
142,en.13.31.457.2009.12.27
142,en.15.187.8.2007.5.30
142,en.2.282.207.2009.9.16
142,en.13.31.197.2009.12.28
142,en.13.27.223.2009.11.21
142,en.15.212.454.2007.10.8
142,en.15.188.235.2007.6.4
142,en.13.27.380.2009.11.21
142,en.15.248.461.2008.3.8
142,en.13.31.316.2010.1.2
142,en.15.65.325.2008.5.3
142,en.15.123.55.2009.5.9
142,en.15.71.357.2008.6.15
142,en.15.68.39.2008.5.23
142,en.15.66.483.2008.5.10
142,en.15.88.392.2008.10.9
142,en.15.90.225.2008.10.17
142,en.2.260.490.2009.5.3
142,en.15.247.162.2008.3.3
142,en.15.63.368.2008.4.24
142,en.3.419.119.2008.1.18
142,en.13.1.145.2009.5.31
142,en.13.1.67.2009.5.31
142,en.15.156.79.2009.12.15
142,en.3.383.93.2007.8.3
142,en.13.10.32.2009.7.30
142,en.2.260.84.2009.5.2
142,en.3.419.226.2008.1.16
142,en.15.106.99.2009.1.23
142,en.15.188.457.2007.6.5
142,en.15.184.321.2010.6.1
142,en.13.41.35.2010.2.28
142,en.3.395.230.2007.10.2
142,en.3.333.212.2009.10.27
142,en.3.397.64.2007.10.11
142,en.15.89.467.2008.10.14
142,en.3.339.152.2009.12.7
142,en.3.406.389.2007.11.20
142,en.3.409.133.2007.12.6
142,en.15.256.473.2008.4.8
142,en.15.234.392.2008.1.14
142,en.3.397.133.2007.10.13
142,en.2.263.141.2009.5.26
143,en.15.151.453.2009.11.2
143,en.15.114.186.2009.3.4
143,en.15.156.275.2009.12.17
143,en.15.135.12.2009.7.16
143,en.15.88.461.2008.10.7
143,en.13.5.369.2009.6.23
143,en.3.357.428.2010.4.8
143,en.15.128.137.2009.6.5
143,en.3.326.429.2009.9.1
143,en.15.86.384.2008.9.26
143,en.15.115.158.2009.2.27
143,en.2.291.33.2009.11.30
143,en.15.119.126.2009.4.10
143,en.15.86.181.2008.9.24
143,en.15.88.93.2008.10.7
143,en.15.85.465.2008.9.18
143,en.15.88.269.2008.10.5
143,en.15.77.500.2008.7.25
143,en.15.85.199.2008.9.18
143,en.2.257.101.2009.4.9
143,en.15.84.464.2008.9.16
143,en.15.87.66.2008.10.4
143,en.15.167.119.2010.2.25
143,en.15.83.316.2008.9.10
143,en.15.111.22.2009.3.20
143,en.15.83.137.2008.9.8
143,en.3.417.395.2008.1.10
143,en.15.83.19.2008.9.8
143,en.15.82.469.2008.9.3
143,en.15.110.158.2009.3.24
143,en.15.111.417.2009.3.18
143,en.15.111.97.2009.3.23
143,en.15.82.43.2008.8.29
143,en.15.247.72.2008.3.5
143,en.15.98.17.2008.12.1
143,en.3.417.402.2008.1.10
143,en.15.83.437.2008.9.10
143,en.15.82.429.2008.9.2
143,en.15.79.392.2008.8.7
143,en.15.81.156.2008.8.27
143,en.15.110.271.2009.3.25
143,en.15.81.2.2008.8.24
143,en.15.81.100.2008.8.24
143,en.15.86.481.2008.9.26
143,en.15.254.280.2008.3.26
143,en.15.132.74.2009.6.28
143,en.15.82.152.2008.9.4
143,en.3.326.371.2009.9.6
143,en.15.251.408.2008.3.18
143,en.15.88.472.2008.10.6
144,en.2.319.331.2010.6.7
144,en.13.59.492.2010.6.8
144,en.15.186.459.2007.5.29
144,en.3.380.390.2007.7.17
144,en.13.1.125.2009.6.1
144,en.15.254.299.2008.3.27
144,en.15.108.405.2009.2.3
144,en.15.101.397.2008.12.18
144,en.2.291.3.2009.12.3
144,en.15.93.429.2008.11.4
144,en.15.254.257.2008.3.28
144,en.13.59.461.2010.6.8
144,en.15.97.454.2008.11.24
144,en.15.97.60.2008.11.24
144,en.3.417.238.2008.1.10
144,en.15.241.492.2008.2.11
144,en.3.393.465.2007.9.23
144,en.15.101.98.2008.12.16
144,en.15.239.15.2008.2.3
144,en.15.111.366.2009.3.19
144,en.15.232.158.2008.1.3
144,en.15.236.434.2008.1.23
144,en.13.31.389.2010.1.2
144,en.15.156.288.2009.12.14
144,en.15.239.437.2008.2.3
144,en.2.281.268.2009.9.9
144,en.3.382.321.2007.7.28
144,en.3.331.359.2009.10.9
144,en.3.395.496.2007.10.3
144,en.15.128.445.2009.6.5
144,en.3.405.478.2007.11.18
144,en.3.389.415.2007.9.1
144,en.15.118.260.2009.4.5
144,en.15.220.48.2007.11.8
144,en.15.88.25.2008.10.9
144,en.15.252.112.2008.3.21
144,en.15.239.218.2008.2.2
144,en.15.160.158.2010.1.14
144,en.15.136.381.2009.7.23
144,en.15.62.87.2008.4.20
144,en.3.355.428.2010.3.24
144,en.3.410.111.2007.12.9
144,en.3.397.169.2007.10.10
144,en.15.190.131.2007.6.14
144,en.15.181.318.2010.5.18
144,en.2.275.332.2009.8.6
144,en.3.412.428.2007.12.18
144,en.3.405.76.2007.11.18
144,en.15.91.378.2008.10.23
144,en.15.99.372.2008.12.4
145,en.3.414.179.2007.12.27
145,en.3.414.89.2007.12.28
145,en.3.414.81.2007.12.27
145,en.3.414.465.2007.12.29
145,en.3.414.239.2007.12.27
145,en.3.414.448.2007.12.28
145,en.15.231.408.2007.12.30
145,en.3.391.173.2007.9.14
145,en.3.395.14.2007.10.2
145,en.3.395.90.2007.10.3
145,en.3.414.446.2007.12.27
145,en.3.414.484.2007.12.27
145,en.3.414.178.2007.12.28
145,en.15.231.400.2008.1.2
145,en.15.240.54.2008.2.7
145,en.3.416.58.2008.1.7
145,en.3.414.269.2007.12.28
145,en.15.102.219.2008.12.27
145,en.3.400.323.2007.10.26
145,en.3.414.489.2007.12.27
145,en.15.231.459.2008.1.2
145,en.15.231.13.2007.12.31
145,en.3.414.32.2007.12.28
145,en.15.72.107.2008.6.21
145,en.3.389.471.2007.9.1
145,en.15.215.145.2007.10.22
145,en.3.414.111.2007.12.30
145,en.3.414.49.2007.12.30
145,en.3.414.30.2007.12.30
145,en.3.398.94.2007.10.19
145,en.15.231.168.2008.1.2
145,en.15.240.177.2008.2.8
145,en.3.414.252.2007.12.27
145,en.15.240.84.2008.2.9
145,en.15.243.192.2008.2.18
145,en.15.243.145.2008.2.17
145,en.2.268.162.2009.6.20
145,en.3.398.91.2007.10.17
145,en.3.388.438.2007.8.29
145,en.3.414.213.2007.12.27
145,en.15.242.313.2008.2.14
145,en.3.414.171.2007.12.27
145,en.3.414.17.2007.12.29
145,en.3.414.287.2007.12.30
145,en.15.101.118.2008.12.20
145,en.3.405.211.2007.11.14
145,en.15.245.466.2008.2.26
145,en.15.220.13.2007.11.10
145,en.15.231.194.2008.1.2
145,en.3.414.456.2007.12.28
146,en.2.258.234.2009.4.22
146,en.15.232.156.2008.1.3
146,en.15.78.140.2008.8.3
146,en.15.256.134.2008.4.8
146,en.15.241.233.2008.2.12
146,en.15.240.142.2008.2.6
146,en.3.391.96.2007.9.15
146,en.13.27.120.2009.11.19
146,en.15.236.59.2008.1.22
146,en.15.98.189.2008.12.2
146,en.15.108.47.2009.2.7
146,en.15.241.468.2008.2.12
146,en.3.383.349.2007.8.2
146,en.3.379.435.2007.7.11
146,en.3.392.56.2007.9.19
146,en.3.417.27.2008.1.8
146,en.13.27.237.2009.11.20
146,en.3.384.452.2007.8.8
146,en.15.156.95.2009.12.17
146,en.15.255.435.2008.4.4
146,en.15.114.424.2009.3.3
146,en.15.115.62.2009.2.14
146,en.15.78.267.2008.8.4
146,en.3.384.32.2007.8.8
146,en.2.262.344.2009.5.13
146,en.3.400.332.2007.10.26
146,en.3.410.293.2007.12.9
146,en.3.363.405.2010.5.6
146,en.15.111.302.2009.3.20
146,en.15.243.80.2008.2.19
146,en.13.25.162.2009.11.8
146,en.15.235.440.2008.1.19
146,en.3.383.163.2007.8.2
146,en.2.289.269.2009.11.18
146,en.13.5.137.2009.6.24
146,en.15.76.265.2008.7.23
146,en.13.27.19.2009.11.19
146,en.15.81.27.2008.8.28
146,en.13.27.365.2009.11.19
146,en.3.410.181.2007.12.6
146,en.3.380.347.2007.7.20
146,en.15.110.234.2009.3.29
146,en.15.241.35.2008.2.10
146,en.15.65.122.2008.5.7
146,en.15.227.206.2007.12.11
146,en.13.27.140.2009.11.19
146,en.15.250.104.2008.3.13
146,en.15.184.18.2010.5.30
146,en.13.30.402.2009.12.20
146,en.13.51.292.2010.5.2
147,en.15.176.255.2010.4.23
147,en.3.403.127.2007.11.5
147,en.3.403.446.2007.11.5
147,en.3.354.462.2010.3.20
147,en.3.354.305.2010.3.20
147,en.2.289.265.2009.11.17
147,en.3.354.50.2010.3.20
147,en.3.354.348.2010.3.21
147,en.15.94.387.2008.11.7
147,en.15.167.260.2010.2.23
147,en.15.140.39.2009.8.23
147,en.15.184.150.2010.5.30
147,en.3.408.248.2007.11.29
147,en.15.83.236.2008.9.5
147,en.3.356.483.2010.3.30
147,en.15.209.476.2007.9.25
147,en.13.10.440.2009.7.28
147,en.3.326.55.2009.9.3
147,en.15.103.151.2008.12.31
147,en.15.83.161.2008.9.7
147,en.15.125.296.2009.5.19
147,en.15.72.465.2008.6.19
147,en.3.406.319.2007.11.21
147,en.2.264.124.2009.5.29
147,en.15.117.73.2009.4.3
147,en.15.83.223.2008.9.7
147,en.2.258.250.2009.4.18
147,en.2.271.345.2009.7.9
147,en.2.275.231.2009.8.5
147,en.3.361.253.2010.4.28
147,en.3.356.402.2010.4.1
147,en.15.161.100.2010.1.21
147,en.3.374.401.2007.6.14
147,en.15.102.194.2008.12.25
147,en.2.257.177.2009.4.9
147,en.15.194.391.2007.7.1
147,en.2.271.403.2009.7.9
147,en.15.255.427.2008.4.3
147,en.15.151.448.2009.11.3
147,en.3.354.80.2010.3.18
147,en.2.260.206.2009.5.3
147,en.15.187.327.2007.6.1
147,en.3.357.486.2010.4.6
147,en.15.253.470.2008.3.23
147,en.3.357.159.2010.4.10
147,en.15.238.319.2008.1.28
147,en.2.296.71.1970.1.1
147,en.15.151.364.2009.10.30
147,en.3.343.163.2010.1.14
147,en.3.353.424.2010.3.14
148,en.2.319.119.2010.6.5
148,en.3.347.413.2010.2.5
148,en.15.123.98.2009.5.10
148,en.15.92.355.2008.10.30
148,en.3.333.71.2009.10.28
148,en.15.245.345.2008.2.26
148,en.15.96.119.2008.11.17
148,en.15.201.453.2007.8.9
148,en.15.184.146.2010.5.30
148,en.2.275.14.2009.8.3
148,en.15.184.150.2010.5.30
148,en.2.280.27.2009.9.9
148,en.2.281.366.2009.9.9
148,en.2.260.104.2009.4.29
148,en.15.139.371.2009.8.11
148,en.3.349.58.2010.2.11
148,en.3.332.89.2009.10.17
148,en.2.263.191.2009.5.23
148,en.13.1.366.2009.6.2
148,en.3.403.135.2007.11.7
148,en.15.167.459.2010.2.24
148,en.13.10.482.2009.7.29
148,en.13.30.253.2009.12.20
148,en.3.400.86.2007.10.25
148,en.15.62.263.2008.4.21
148,en.15.254.475.2008.3.27
148,en.15.247.496.2008.3.4
148,en.15.216.77.2007.10.23
148,en.3.348.349.2010.2.10
148,en.15.67.341.2008.5.19
148,en.2.263.399.2009.5.24
148,en.3.383.153.2007.8.3
148,en.3.380.380.2007.7.17
148,en.2.279.318.2009.8.28
148,en.3.373.399.2007.6.12
148,en.3.412.31.2007.12.19
148,en.2.278.240.2009.8.24
148,en.15.128.130.2009.6.5
148,en.15.69.76.2008.6.2
148,en.15.210.65.2007.9.28
148,en.3.361.476.2010.4.28
148,en.3.360.25.2010.4.22
148,en.3.366.425.2010.5.25
148,en.15.231.493.2007.12.31
148,en.15.124.192.2009.5.15
148,en.3.339.474.2009.12.7
148,en.15.110.376.2009.3.24
148,en.13.8.481.2009.7.13
148,en.15.90.370.2008.10.19
148,en.15.97.278.2008.11.25
149,en.15.155.9.2009.12.10
149,en.15.167.10.2010.2.23
149,en.15.125.49.2009.5.21
149,en.2.319.112.2010.6.4
149,en.15.113.441.2009.3.8
149,en.3.354.479.2010.3.19
149,en.15.92.120.2008.10.26
149,en.2.281.239.2009.9.14
149,en.3.359.111.2010.4.19
149,en.3.350.336.2010.2.19
149,en.15.113.264.2009.3.15
149,en.15.114.2.2009.3.4
149,en.3.333.406.2009.10.25
149,en.15.106.477.2009.1.22
149,en.15.167.44.2010.2.23
149,en.3.357.208.2010.4.8
149,en.3.366.93.2010.5.26
149,en.3.359.18.1970.1.1
149,en.2.291.275.2009.12.1
149,en.3.406.347.2007.11.22
149,en.3.361.102.2010.5.1
149,en.15.125.495.2009.5.19
149,en.2.282.149.2009.9.17
149,en.3.414.32.2007.12.28
149,en.15.242.237.2008.2.13
149,en.15.187.312.2007.6.3
149,en.3.322.495.2009.8.7
149,en.15.167.362.2010.2.22
149,en.3.407.100.2007.11.24
149,en.3.405.1.2007.11.13
149,en.3.408.242.2007.11.29
149,en.3.361.212.2010.4.30
149,en.3.333.369.2009.10.29
149,en.2.263.324.2009.5.23
149,en.15.62.40.2008.4.21
149,en.15.124.443.2009.5.15
149,en.15.220.115.2007.11.10
149,en.3.407.31.2007.11.25
149,en.15.97.362.2008.11.22
149,en.3.360.445.2010.4.22
149,en.15.114.264.2009.3.4
149,en.2.279.348.2009.8.31
149,en.3.366.271.2010.5.24
149,en.3.407.407.2007.11.23
149,en.3.406.65.2007.11.21
149,en.3.403.248.2007.11.6
149,en.15.112.171.2009.3.10
149,en.15.209.62.2007.9.25
149,en.3.406.107.2007.11.23
149,en.13.8.9.2009.7.12
150,en.3.372.80.2007.6.8
150,en.15.73.305.2008.6.29
150,en.15.84.362.2008.9.12
150,en.15.86.409.2008.9.25
150,en.15.77.382.2008.7.24
150,en.15.162.63.2010.1.25
150,en.15.241.356.2008.2.11
150,en.15.73.2.2008.6.27
150,en.3.357.247.2010.4.8
150,en.3.349.255.2010.2.15
150,en.15.63.312.2008.4.24
150,en.3.348.182.2010.2.10
150,en.13.3.499.2009.6.13
150,en.2.289.130.2009.11.17
150,en.2.275.253.2009.8.3
150,en.15.203.377.2007.8.21
150,en.13.41.313.2010.3.5
150,en.13.8.169.2009.7.11
150,en.15.250.280.2008.3.13
150,en.13.8.28.2009.7.14
150,en.15.112.159.2009.3.16
150,en.3.405.49.2007.11.17
150,en.15.135.386.2009.7.19
150,en.15.209.153.2007.9.18
150,en.13.10.57.2009.7.29
150,en.15.254.357.2008.3.27
150,en.3.382.478.2007.7.27
150,en.13.8.215.2009.7.13
150,en.15.253.196.2008.3.25
150,en.15.89.328.2008.10.10
150,en.15.203.134.2007.8.21
150,en.2.298.293.2010.1.29
150,en.15.73.237.2008.6.25
150,en.15.253.404.2008.3.26
150,en.3.332.275.2009.10.16
150,en.15.201.296.2007.8.10
150,en.2.268.466.2009.6.17
150,en.2.271.5.2009.7.9
150,en.2.268.201.2009.6.17
150,en.15.98.399.2008.12.1
150,en.3.349.174.2010.2.12
150,en.2.271.401.2009.7.8
150,en.13.8.390.2009.7.16
150,en.2.319.496.2010.6.7
150,en.15.73.26.2008.6.28
150,en.3.343.13.2010.1.11
150,en.13.8.247.2009.7.12
150,en.3.348.69.1970.1.1
150,en.15.86.119.2008.9.27
150,en.15.167.419.2010.2.22
151,en.15.88.340.2008.10.8
151,en.3.397.344.2007.10.10
151,en.15.147.290.2009.10.7
151,en.15.155.279.2009.12.10
151,en.15.89.14.2008.10.10
151,en.15.88.422.2008.10.8
151,en.3.397.152.2007.10.12
151,en.15.132.397.2009.6.29
151,en.3.395.422.2007.10.2
151,en.15.88.278.2008.10.7
151,en.15.88.375.2008.10.6
151,en.3.331.408.2009.10.12
151,en.15.88.452.2008.10.9
151,en.3.410.285.2007.12.7
151,en.15.89.64.2008.10.13
151,en.15.147.409.2009.10.5
151,en.3.396.335.2007.10.9
151,en.15.155.59.2009.12.10
151,en.15.156.356.2009.12.11
151,en.3.408.234.2007.11.28
151,en.3.392.268.2007.9.20
151,en.15.147.201.2009.10.6
151,en.2.291.469.2009.12.6
151,en.3.326.489.2009.9.5
151,en.3.331.13.2009.10.9
151,en.3.403.304.2007.11.6
151,en.15.212.380.2007.10.8
151,en.3.397.278.2007.10.11
151,en.3.397.285.2007.10.11
151,en.3.400.76.2007.10.27
151,en.3.331.165.2009.10.10
151,en.3.410.367.2007.12.7
151,en.15.88.445.2008.10.6
151,en.15.88.58.2008.10.9
151,en.3.397.171.2007.10.14
151,en.3.398.187.2007.10.18
151,en.3.331.180.2009.10.12
151,en.3.331.400.2009.10.9
151,en.15.89.165.2008.10.13
151,en.3.410.481.2007.12.9
151,en.3.331.479.2009.10.9
151,en.3.397.444.2007.10.12
151,en.3.331.157.2009.10.9
151,en.15.64.14.2008.4.26
151,en.2.258.81.2009.4.16
151,en.3.343.474.2010.1.12
151,en.3.331.446.2009.10.12
151,en.15.155.432.2009.12.10
151,en.15.110.173.2009.3.24
151,en.15.147.161.2009.10.6
152,en.3.414.447.2007.12.27
152,en.15.181.42.2010.5.18
152,en.15.66.350.2008.5.13
152,en.3.382.18.2007.7.26
152,en.15.105.444.2009.1.20
152,en.15.62.78.2008.4.21
152,en.15.118.9.2009.4.7
152,en.3.343.472.1970.1.1
152,en.2.283.312.2009.9.28
152,en.15.204.43.2007.8.26
152,en.15.227.283.2007.12.12
152,en.15.66.357.2008.5.8
152,en.15.95.8.2008.11.12
152,en.15.156.103.2009.12.13
152,en.3.383.121.2007.8.5
152,en.3.363.168.2010.5.8
152,en.15.210.294.2007.9.29
152,en.15.227.366.2007.12.11
152,en.3.354.305.2010.3.20
152,en.2.289.265.2009.11.17
152,en.15.194.80.2007.7.2
152,en.15.62.416.2008.4.19
152,en.15.242.155.2008.2.13
152,en.15.230.365.2007.12.25
152,en.15.245.263.2008.2.26
152,en.15.204.490.2007.8.25
152,en.15.239.28.2008.2.1
152,en.3.349.209.2010.2.12
152,en.15.228.333.2007.12.17
152,en.15.220.468.2007.11.7
152,en.2.260.176.2009.4.29
152,en.15.96.7.2008.11.20
152,en.3.417.201.2008.1.8
152,en.15.99.488.2008.12.6
152,en.2.266.140.2009.6.10
152,en.3.329.154.2009.9.27
152,en.15.91.260.2008.10.22
152,en.15.139.336.2009.8.11
152,en.15.187.369.2007.5.31
152,en.15.140.39.2009.8.23
152,en.15.75.393.2008.7.9
152,en.15.244.233.2008.2.21
152,en.15.111.207.2009.3.20
152,en.2.270.8.2009.7.2
152,en.3.348.138.2010.2.10
152,en.15.85.242.2008.9.18
152,en.15.96.412.2008.11.20
152,en.15.112.59.2009.3.12
152,en.2.271.499.2009.7.8
152,en.15.112.453.2009.3.13
153,en.15.74.162.2008.7.3
153,en.3.356.469.2010.3.30
153,en.15.186.50.2007.5.29
153,en.15.240.305.2008.2.7
153,en.3.333.230.2009.10.28
153,en.2.282.475.1970.1.1
153,en.15.86.478.2008.9.24
153,en.15.132.109.2009.7.1
153,en.15.238.111.2008.1.28
153,en.2.277.26.2009.8.18
153,en.13.27.359.2009.11.20
153,en.15.90.350.2008.10.19
153,en.3.332.295.2009.10.17
153,en.3.326.90.2009.9.2
153,en.3.417.145.2008.1.11
153,en.15.120.88.2009.4.22
153,en.15.151.93.2009.11.2
153,en.3.410.270.2007.12.7
153,en.13.8.301.2009.7.14
153,en.15.151.274.2009.11.6
153,en.2.260.296.2009.4.30
153,en.15.98.371.2008.11.26
153,en.2.268.1.2009.6.21
153,en.2.289.199.2009.11.14
153,en.2.275.275.2009.8.1
153,en.15.83.35.2008.9.7
153,en.15.88.71.2008.10.6
153,en.2.275.261.2009.8.2
153,en.15.102.470.2008.12.25
153,en.15.61.288.2008.4.16
153,en.3.405.198.2007.11.14
153,en.15.132.355.2009.6.26
153,en.15.218.291.2007.11.3
153,en.13.10.419.2009.7.28
153,en.3.373.7.2007.6.11
153,en.15.95.54.2008.11.11
153,en.3.322.441.2009.8.9
153,en.15.84.294.2008.9.16
153,en.15.128.97.2009.6.7
153,en.3.331.385.2009.10.8
153,en.3.403.145.2007.11.7
153,en.3.326.56.2009.9.6
153,en.2.289.31.2009.11.14
153,en.15.188.424.2007.6.6
153,en.3.389.245.2007.9.6
153,en.15.232.88.2008.1.4
153,en.15.123.76.2009.5.8
153,en.2.279.303.1970.1.1
153,en.3.407.447.2007.11.28
153,en.3.401.48.2007.10.31
154,en.15.68.434.2008.5.25
154,en.3.379.384.2007.7.10
154,en.3.381.110.2007.7.20
154,en.3.356.324.2010.4.2
154,en.15.181.429.2010.5.17
154,en.2.262.308.2009.5.13
154,en.15.87.290.2008.9.29
154,en.3.356.226.2010.3.30
154,en.15.67.40.2008.5.18
154,en.15.225.462.2007.12.5
154,en.15.96.369.2008.11.17
154,en.2.281.8.2009.9.13
154,en.15.66.332.2008.5.13
154,en.15.67.77.2008.5.18
154,en.15.155.375.2009.12.8
154,en.15.181.68.2010.5.19
154,en.15.78.246.2008.8.1
154,en.15.220.316.2007.11.7
154,en.2.262.380.2009.5.11
154,en.15.92.14.2008.10.27
154,en.13.1.500.2009.5.31
154,en.3.379.8.2007.7.11
154,en.15.92.209.2008.10.27
154,en.3.407.135.2007.11.28
154,en.3.332.389.2009.10.20
154,en.15.68.302.2008.5.26
154,en.3.405.126.2007.11.13
154,en.15.201.497.2007.8.13
154,en.15.235.188.2008.1.20
154,en.15.114.19.2009.3.5
154,en.15.70.289.2008.6.9
154,en.3.417.302.2008.1.11
154,en.15.85.106.2008.9.18
154,en.15.186.163.2007.5.28
154,en.15.77.220.2008.7.30
154,en.3.355.274.2010.3.23
154,en.15.106.235.2009.1.27
154,en.15.76.259.2008.7.20
154,en.15.220.248.2007.11.8
154,en.3.331.61.2009.10.13
154,en.15.77.336.2008.7.30
154,en.3.417.127.2008.1.10
154,en.15.167.100.2010.2.26
154,en.2.260.223.2009.5.28
154,en.15.186.62.2007.5.29
154,en.15.215.46.2007.10.22
154,en.15.108.171.2009.2.3
154,en.15.84.311.2008.9.12
154,en.15.76.17.2008.7.22
154,en.15.254.362.2008.3.28
155,en.15.98.52.2008.11.29
155,en.15.100.101.2008.12.14
155,en.15.98.487.2008.11.29
155,en.15.210.495.2007.9.27
155,en.15.98.75.2008.12.1
155,en.15.98.466.2008.11.29
155,en.15.100.203.2008.12.12
155,en.15.154.454.2009.11.26
155,en.2.289.480.2009.11.15
155,en.15.135.287.2009.7.20
155,en.15.250.213.2008.3.12
155,en.15.99.419.2008.12.2
155,en.15.98.336.2008.11.29
155,en.15.98.445.2008.11.27
155,en.15.98.136.2008.11.30
155,en.15.98.459.2008.11.27
155,en.15.98.490.2008.11.29
155,en.15.98.331.2008.11.27
155,en.3.349.131.2010.2.15
155,en.15.98.370.2008.11.29
155,en.15.98.50.2008.11.28
155,en.15.98.15.2008.11.30
155,en.15.98.204.2008.11.29
155,en.15.100.374.2008.12.12
155,en.15.98.94.2008.11.28
155,en.3.353.80.2010.3.14
155,en.15.99.439.2008.12.2
155,en.15.101.222.2008.12.21
155,en.15.98.319.2008.11.27
155,en.3.349.484.2010.2.14
155,en.13.51.414.2010.5.3
155,en.15.99.467.2008.12.3
155,en.15.98.242.2008.11.27
155,en.15.98.294.2008.11.28
155,en.15.98.424.2008.11.27
155,en.15.98.346.2008.11.27
155,en.2.263.53.2009.5.25
155,en.15.98.113.2008.11.27
155,en.15.99.423.2008.12.4
155,en.15.135.101.2009.7.19
155,en.15.98.342.2008.11.28
155,en.3.348.99.2010.2.9
155,en.15.98.351.2008.11.27
155,en.15.123.225.2009.5.10
155,en.15.98.17.2008.12.1
155,en.15.98.105.2008.11.27
155,en.15.103.241.2008.12.31
155,en.15.98.483.2008.11.30
155,en.15.98.188.2008.11.28
155,en.15.98.436.2008.11.30
156,en.3.360.275.2010.4.26
156,en.3.359.317.2010.4.19
156,en.3.359.232.2010.4.19
156,en.3.363.493.2010.5.10
156,en.3.360.335.2010.4.23
156,en.3.360.327.2010.4.26
156,en.13.8.106.2009.7.15
156,en.3.360.272.2010.4.26
156,en.3.360.404.2010.4.22
156,en.3.361.69.2010.4.27
156,en.15.86.151.2008.9.27
156,en.3.352.48.2010.3.6
156,en.15.139.9.2009.8.12
156,en.15.119.25.2009.4.10
156,en.15.75.28.2008.7.14
156,en.13.41.87.2010.3.1
156,en.13.41.172.2010.3.5
156,en.15.246.475.2008.2.29
156,en.3.361.402.2010.4.27
156,en.2.281.180.2009.9.15
156,en.13.26.99.2009.11.11
156,en.3.398.2.2007.10.18
156,en.15.130.374.2009.6.16
156,en.15.135.380.2009.7.17
156,en.3.353.186.2010.3.12
156,en.15.242.186.2008.2.15
156,en.15.238.311.2008.1.28
156,en.15.104.419.2009.1.10
156,en.13.41.93.2010.3.1
156,en.15.220.41.2007.11.7
156,en.13.8.291.2009.7.16
156,en.15.240.472.2008.2.8
156,en.3.356.34.2010.3.29
156,en.15.240.185.2008.2.7
156,en.15.256.233.2008.4.8
156,en.13.25.344.2009.11.7
156,en.2.291.482.2009.12.4
156,en.2.291.48.2009.12.3
156,en.2.309.334.2010.4.10
156,en.15.242.402.2008.2.15
156,en.15.114.397.2009.3.4
156,en.15.251.458.2008.3.18
156,en.15.95.275.2008.11.11
156,en.3.357.191.2010.4.9
156,en.15.242.65.2008.2.14
156,en.3.354.340.2010.3.21
156,en.15.243.412.2008.2.19
156,en.15.172.139.2010.3.26
156,en.15.113.118.2009.3.8
156,en.3.401.303.2007.10.30
157,en.15.209.13.2007.9.19
157,en.3.373.274.2007.6.12
157,en.2.311.231.2010.4.26
157,en.3.360.405.2010.4.26
157,en.15.209.257.2007.9.26
157,en.3.398.236.2007.10.18
157,en.15.86.302.2008.9.27
157,en.2.268.95.2009.6.17
157,en.15.63.217.2008.4.25
157,en.15.111.387.2009.3.17
157,en.3.400.63.2007.10.24
157,en.2.309.260.2010.4.10
157,en.15.212.102.2007.10.5
157,en.3.382.316.2007.7.28
157,en.15.83.92.2008.9.5
157,en.3.382.153.2007.7.29
157,en.13.31.349.2010.1.1
157,en.3.373.453.2007.6.10
157,en.3.398.321.2007.10.18
157,en.15.209.262.2007.9.25
157,en.15.186.359.2007.5.28
157,en.3.400.240.2007.10.24
157,en.3.388.499.2007.8.29
157,en.3.349.104.2010.2.12
157,en.15.91.169.2008.10.21
157,en.15.128.180.2009.6.5
157,en.13.3.281.2009.6.14
157,en.15.75.88.2008.7.14
157,en.3.361.320.2010.4.29
157,en.3.380.332.2007.7.18
157,en.15.101.22.2008.12.17
157,en.3.384.129.2007.8.8
157,en.15.228.434.2007.12.18
157,en.15.243.272.2008.2.20
157,en.15.210.428.2007.9.27
157,en.15.156.21.2009.12.16
157,en.3.405.26.2007.11.14
157,en.3.380.216.2007.7.18
157,en.15.93.403.2008.11.3
157,en.15.106.178.2009.1.22
157,en.15.160.190.2010.1.14
157,en.3.349.127.2010.2.13
157,en.15.194.213.2007.7.2
157,en.15.250.213.2008.3.12
157,en.3.373.371.2007.6.9
157,en.15.245.287.2008.2.25
157,en.3.373.409.2007.6.11
157,en.15.120.139.2009.4.22
157,en.15.107.45.2009.1.30
157,en.15.167.261.2010.2.24
158,en.15.215.361.2007.10.20
158,en.2.283.337.2009.9.29
158,en.3.400.215.2007.10.24
158,en.15.245.275.2008.2.25
158,en.15.245.91.2008.2.25
158,en.15.236.384.2008.1.23
158,en.15.102.377.2008.12.26
158,en.15.249.243.2008.3.12
158,en.3.400.59.2007.10.24
158,en.15.247.498.2008.3.3
158,en.15.128.186.2009.6.7
158,en.13.59.404.2010.6.8
158,en.15.210.239.2007.10.1
158,en.15.72.402.2008.6.20
158,en.15.250.62.2008.3.15
158,en.2.258.272.2009.4.20
158,en.15.73.36.2008.6.27
158,en.15.204.359.2007.8.27
158,en.2.291.32.2009.12.2
158,en.3.329.283.1970.1.1
158,en.13.26.484.2009.11.11
158,en.15.77.411.2008.7.28
158,en.15.97.54.2008.11.25
158,en.3.343.32.2010.1.13
158,en.15.245.492.2008.2.26
158,en.15.234.69.2008.1.15
158,en.3.331.399.2009.10.11
158,en.15.110.389.2009.3.29
158,en.15.249.415.2008.3.12
158,en.2.275.226.2009.8.4
158,en.15.121.59.2009.4.27
158,en.15.240.416.2008.2.8
158,en.3.398.366.2007.10.18
158,en.15.82.379.2008.9.3
158,en.13.55.388.2010.5.23
158,en.15.98.296.2008.12.1
158,en.15.78.150.2008.8.4
158,en.15.160.128.2010.1.16
158,en.15.236.292.2008.1.20
158,en.15.90.289.2008.10.18
158,en.15.60.360.2008.4.12
158,en.15.113.130.2009.3.15
158,en.15.206.369.2007.8.31
158,en.15.90.191.2008.10.16
158,en.13.41.372.2010.3.4
158,en.15.205.175.2007.8.28
158,en.15.249.267.2008.3.11
158,en.13.53.484.2010.5.13
158,en.15.136.166.2009.7.21
158,en.15.114.387.2009.3.4
159,en.2.317.255.2010.5.27
159,en.13.56.356.2010.5.27
159,en.15.103.102.2008.12.30
159,en.15.64.369.2008.4.26
159,en.15.104.402.2009.1.5
159,en.15.96.60.2008.11.19
159,en.15.254.125.2008.3.29
159,en.15.229.470.2007.12.22
159,en.3.380.434.2007.7.18
159,en.3.352.3.2010.3.8
159,en.15.236.389.2008.1.24
159,en.15.238.267.2008.1.30
159,en.2.282.184.2009.9.19
159,en.15.190.383.2007.6.12
159,en.15.93.437.2008.10.31
159,en.15.91.213.2008.10.24
159,en.3.382.205.2007.7.26
159,en.15.100.117.2008.12.9
159,en.15.240.295.2008.2.7
159,en.3.382.121.2007.7.28
159,en.3.352.221.1970.1.1
159,en.15.66.492.2008.5.9
159,en.15.60.325.2008.4.10
159,en.15.100.114.2008.12.13
159,en.3.380.288.2007.7.19
159,en.15.96.223.2008.11.18
159,en.15.103.368.2008.12.31
159,en.15.237.295.2008.1.27
159,en.3.353.381.2010.3.10
159,en.13.59.378.2010.6.11
159,en.15.104.283.2009.1.10
159,en.15.66.69.2008.5.8
159,en.15.102.381.2008.12.25
159,en.15.70.290.2008.6.12
159,en.15.104.119.2009.1.10
159,en.15.181.67.2010.5.17
159,en.15.84.439.2008.9.11
159,en.3.401.235.2007.10.30
159,en.15.212.211.2007.10.4
159,en.15.67.63.2008.5.19
159,en.15.103.177.2008.12.29
159,en.15.87.277.2008.9.29
159,en.15.93.200.2008.11.1
159,en.3.363.250.2010.5.6
159,en.15.103.372.2008.12.29
159,en.15.68.428.2008.5.27
159,en.15.93.405.2008.10.30
159,en.15.108.308.2009.2.6
159,en.3.381.483.2007.7.24
159,en.15.181.307.2010.5.17
160,en.15.176.255.2010.4.23
160,en.15.251.243.2008.3.17
160,en.3.347.127.2010.2.4
160,en.3.419.267.2008.1.19
160,en.3.373.55.2007.6.12
160,en.15.253.80.2008.3.24
160,en.15.70.434.2008.6.9
160,en.3.406.207.2007.11.23
160,en.15.246.155.2008.3.1
160,en.15.212.32.2007.10.5
160,en.15.98.401.2008.12.2
160,en.15.60.25.2008.4.9
160,en.15.109.329.2009.2.10
160,en.15.66.86.2008.5.14
160,en.15.69.373.2008.5.29
160,en.15.194.441.2007.7.5
160,en.15.244.106.2008.2.23
160,en.15.65.285.2008.5.4
160,en.15.105.490.2009.1.12
160,en.15.245.362.2008.2.27
160,en.3.378.11.2007.7.9
160,en.15.203.111.2007.8.20
160,en.15.250.11.2008.3.14
160,en.15.245.455.2008.2.26
160,en.15.147.116.2009.10.7
160,en.15.95.128.2008.11.12
160,en.15.228.451.2007.12.17
160,en.3.414.243.2007.12.29
160,en.15.247.145.2008.3.3
160,en.15.65.227.2008.5.4
160,en.15.108.227.2009.2.6
160,en.3.343.63.2010.1.12
160,en.3.373.213.2007.6.11
160,en.3.383.470.2007.8.1
160,en.15.70.425.2008.6.9
160,en.3.377.408.2007.6.28
160,en.15.109.461.2009.4.1
160,en.15.245.16.2008.2.27
160,en.3.374.345.2007.6.15
160,en.3.374.498.2007.6.15
160,en.15.107.460.2009.1.28
160,en.15.238.484.2008.1.29
160,en.15.246.341.2008.3.2
160,en.15.98.315.2008.12.1
160,en.3.397.87.2007.10.13
160,en.3.406.240.2007.11.22
160,en.15.132.133.2009.7.1
160,en.3.391.456.2007.9.13
160,en.15.252.65.2008.3.22
160,en.15.186.284.2007.5.29
161,en.15.97.295.2008.11.26
161,en.15.132.497.2009.6.26
161,en.3.392.446.2007.9.19
161,en.15.253.200.2008.3.25
161,en.15.104.212.2009.1.7
161,en.15.105.271.2009.1.12
161,en.15.82.362.2008.9.1
161,en.15.248.153.2008.3.7
161,en.3.377.311.2007.6.29
161,en.15.80.380.2008.8.14
161,en.15.236.190.2008.1.22
161,en.3.379.203.2007.7.9
161,en.15.67.390.2008.5.18
161,en.15.246.346.2008.2.28
161,en.15.111.457.2009.3.22
161,en.15.101.398.2008.12.18
161,en.15.210.69.2007.9.28
161,en.15.107.188.2009.1.30
161,en.15.132.328.2009.6.27
161,en.15.104.103.2009.1.10
161,en.15.242.444.2008.2.15
161,en.3.394.389.2007.10.1
161,en.15.94.459.2008.11.5
161,en.15.113.470.2009.3.15
161,en.3.397.44.2007.10.10
161,en.3.382.67.2007.7.27
161,en.15.115.172.2009.2.13
161,en.3.410.173.2007.12.6
161,en.15.237.18.2008.1.25
161,en.3.392.150.2007.9.20
161,en.3.414.111.2007.12.30
161,en.15.73.133.2008.6.26
161,en.3.414.49.2007.12.30
161,en.3.414.30.2007.12.30
161,en.15.220.389.2007.11.7
161,en.3.372.292.2007.6.8
161,en.15.63.12.2008.4.22
161,en.15.60.109.2008.4.10
161,en.2.283.145.1970.1.1
161,en.15.105.37.2009.1.15
161,en.15.238.357.2008.2.1
161,en.3.377.258.2007.6.29
161,en.15.188.401.2007.6.6
161,en.3.400.410.2007.10.23
161,en.15.78.438.2008.8.6
161,en.2.262.264.2009.5.13
161,en.15.73.293.2008.6.29
161,en.3.407.15.2007.11.27
161,en.3.389.53.2007.9.4
161,en.3.397.266.2007.10.13
162,en.15.136.348.2009.7.27
162,en.15.240.448.2008.2.7
162,en.13.55.209.2010.5.22
162,en.2.319.185.2010.6.3
162,en.15.68.215.2008.5.26
162,en.15.115.426.2009.2.11
162,en.15.64.24.2008.4.29
162,en.3.360.107.2010.4.25
162,en.15.184.383.2010.5.31
162,en.15.248.461.2008.3.8
162,en.15.70.218.2008.6.12
162,en.15.240.116.2008.2.6
162,en.3.356.366.2010.4.1
162,en.15.252.199.2008.3.22
162,en.2.319.277.2010.6.7
162,en.15.240.134.2008.2.6
162,en.15.250.365.2008.3.15
162,en.15.250.153.2008.3.15
162,en.15.240.194.2008.2.7
162,en.15.240.340.2008.2.6
162,en.3.381.220.2007.7.25
162,en.15.83.104.2008.9.5
162,en.15.240.173.2008.2.6
162,en.15.194.145.2007.7.4
162,en.15.250.300.2008.3.16
162,en.15.240.449.2008.2.6
162,en.3.382.273.2007.7.26
162,en.15.66.443.2008.5.11
162,en.15.66.93.2008.5.12
162,en.15.140.100.2009.8.21
162,en.15.147.470.2009.10.7
162,en.15.93.317.2008.11.3
162,en.15.85.312.2008.9.18
162,en.3.359.166.2010.4.17
162,en.15.178.475.2010.5.4
162,en.15.136.444.2009.7.20
162,en.2.275.480.2009.8.4
162,en.13.31.411.2009.12.30
162,en.15.136.320.2009.7.21
162,en.15.203.223.2007.8.22
162,en.15.113.348.2009.3.13
162,en.3.373.268.2007.6.8
162,en.3.398.142.2007.10.16
162,en.15.250.284.2008.3.15
162,en.15.194.124.2007.7.1
162,en.15.160.444.2010.1.16
162,en.15.250.66.2008.3.12
162,en.3.372.249.2007.6.8
162,en.15.203.42.2007.8.20
162,en.15.84.49.2008.9.12
163,en.15.238.200.2008.1.30
163,en.3.333.94.2009.10.28
163,en.3.333.383.2009.10.28
163,en.3.349.466.2010.2.11
163,en.15.117.143.2009.2.23
163,en.3.360.18.2010.4.22
163,en.2.298.5.2010.1.26
163,en.15.70.441.2008.6.10
163,en.2.298.77.2010.1.26
163,en.15.90.126.2008.10.16
163,en.15.91.61.2008.10.20
163,en.15.218.424.2007.11.2
163,en.3.354.305.2010.3.20
163,en.2.289.265.2009.11.17
163,en.2.282.442.2009.9.18
163,en.15.162.85.2010.1.22
163,en.3.372.249.2007.6.8
163,en.2.270.185.2009.7.2
163,en.3.410.160.2007.12.8
163,en.2.298.92.2010.1.26
163,en.15.246.447.2008.2.29
163,en.3.384.125.2007.8.6
163,en.15.121.11.2009.4.26
163,en.3.383.72.2007.8.5
163,en.3.417.273.2008.1.10
163,en.15.140.39.2009.8.23
163,en.15.155.238.2009.12.9
163,en.15.242.375.2008.2.13
163,en.3.414.348.2007.12.29
163,en.15.82.20.2008.8.28
163,en.2.271.180.2009.7.9
163,en.3.348.422.2010.2.9
163,en.2.258.172.2009.4.20
163,en.13.10.440.2009.7.28
163,en.3.353.464.2010.3.11
163,en.15.89.6.2008.10.9
163,en.15.187.382.2007.5.31
163,en.15.232.30.2008.1.6
163,en.15.240.229.2008.2.7
163,en.3.397.310.2007.10.12
163,en.3.338.371.2009.12.5
163,en.15.247.267.2008.3.5
163,en.15.72.396.2008.6.21
163,en.3.338.181.2009.12.5
163,en.15.125.362.2009.5.19
163,en.15.230.235.2007.12.26
163,en.3.408.61.2007.11.29
163,en.15.229.464.2007.12.24
163,en.15.125.110.2009.5.21
163,en.15.106.253.2009.1.26
164,en.15.141.445.2009.8.29
164,en.2.298.269.1970.1.1
164,en.15.137.476.2009.7.31
164,en.3.327.392.2009.9.12
164,en.3.333.197.2009.10.27
164,en.13.8.466.2009.7.11
164,en.15.132.489.2009.6.26
164,en.15.132.202.2009.6.26
164,en.15.132.5.2009.6.26
164,en.13.30.297.2009.12.23
164,en.15.102.78.2008.12.23
164,en.15.136.153.2009.7.20
164,en.15.220.5.2007.11.10
164,en.15.136.376.2009.7.25
164,en.15.107.259.2009.1.29
164,en.15.96.418.2008.11.20
164,en.13.8.68.2009.7.11
164,en.2.270.162.2009.7.2
164,en.15.132.336.2009.6.29
164,en.15.132.99.2009.6.30
164,en.15.132.155.2009.7.1
164,en.15.132.479.2009.6.26
164,en.15.132.44.2009.6.26
164,en.15.112.273.2009.3.11
164,en.15.132.332.2009.6.26
164,en.2.281.481.2009.9.9
164,en.15.87.431.2008.10.1
164,en.2.270.133.2009.7.3
164,en.2.270.11.2009.7.3
164,en.2.271.392.2009.7.8
164,en.2.275.340.2009.8.4
164,en.2.275.213.2009.8.4
164,en.3.333.336.2009.10.23
164,en.15.132.63.2009.6.26
164,en.15.132.317.2009.6.26
164,en.15.132.195.2009.6.26
164,en.15.132.246.2009.6.26
164,en.15.132.54.2009.6.30
164,en.3.375.165.2007.6.19
164,en.15.113.158.2009.3.6
164,en.2.271.406.2009.7.7
164,en.15.113.262.2009.3.14
164,en.2.282.345.2009.9.19
164,en.2.271.301.2009.7.8
164,en.15.97.199.2008.11.24
164,en.2.271.348.2009.7.8
164,en.2.278.114.2009.8.25
164,en.15.132.375.2009.6.26
164,en.15.132.364.2009.6.28
164,en.15.132.153.2009.6.28
165,en.15.172.295.2010.3.28
165,en.15.72.330.2008.6.20
165,en.15.237.155.2008.1.25
165,en.15.61.231.2008.4.15
165,en.3.389.265.2007.9.1
165,en.3.358.462.2010.4.12
165,en.3.383.146.2007.8.1
165,en.15.246.283.2008.2.29
165,en.3.382.150.2007.7.31
165,en.15.241.337.2008.2.10
165,en.3.363.157.2010.5.6
165,en.3.361.273.2010.4.30
165,en.3.333.185.2009.10.29
165,en.3.363.416.2010.5.11
165,en.2.264.383.2009.5.26
165,en.15.249.344.2008.3.11
165,en.15.241.194.2008.2.11
165,en.15.243.114.2008.2.20
165,en.15.71.256.2008.6.18
165,en.3.331.95.2009.10.13
165,en.13.30.47.2009.12.21
165,en.3.357.321.1970.1.1
165,en.15.240.124.2008.2.6
165,en.3.356.329.2010.4.4
165,en.3.358.495.2010.4.12
165,en.3.366.131.2010.5.24
165,en.15.95.279.2008.11.14
165,en.15.251.371.2008.3.16
165,en.15.248.45.2008.3.7
165,en.3.357.5.2010.4.7
165,en.3.406.325.2007.11.19
165,en.2.260.203.2009.5.2
165,en.3.353.77.2010.3.12
165,en.3.356.426.2010.4.3
165,en.15.76.496.2008.7.16
165,en.15.240.277.2008.2.7
165,en.15.132.65.2009.6.26
165,en.15.69.93.2008.6.3
165,en.15.77.358.2008.7.26
165,en.15.156.39.2009.12.15
165,en.3.357.111.2010.4.5
165,en.3.398.225.2007.10.17
165,en.15.93.111.2008.11.2
165,en.15.75.208.2008.7.13
165,en.15.74.274.2008.7.7
165,en.15.123.283.2009.5.6
165,en.13.41.419.2010.3.3
165,en.15.246.228.2008.2.27
165,en.15.242.209.2008.2.15
165,en.3.401.279.2007.10.29
166,en.13.3.433.2009.6.11
166,en.15.251.200.2008.3.17
166,en.15.128.421.2009.6.4
166,en.15.128.82.2009.6.4
166,en.13.1.86.2009.6.2
166,en.15.106.200.2009.1.26
166,en.13.1.76.2009.6.2
166,en.3.366.26.2010.5.25
166,en.3.380.14.2007.7.18
166,en.2.319.176.2010.6.6
166,en.2.268.58.2009.6.17
166,en.2.270.40.2009.7.2
166,en.2.275.398.2009.8.2
166,en.3.366.432.2010.5.26
166,en.15.70.312.2008.6.7
166,en.13.1.212.2009.6.2
166,en.15.135.430.2009.7.17
166,en.15.244.298.2008.2.23
166,en.15.60.20.2008.4.10
166,en.15.132.314.2009.6.28
166,en.3.374.368.2007.6.16
166,en.15.60.71.2008.4.10
166,en.13.1.248.2009.6.1
166,en.13.55.175.2010.5.24
166,en.15.77.18.2008.7.25
166,en.2.266.20.2009.6.9
166,en.13.55.245.2010.5.23
166,en.3.361.359.2010.4.28
166,en.3.391.104.2007.9.13
166,en.15.128.77.2009.6.7
166,en.15.249.166.2008.3.10
166,en.15.128.311.2009.6.7
166,en.15.100.122.2008.12.14
166,en.2.268.303.2009.6.17
166,en.15.246.433.2008.2.28
166,en.2.268.443.2009.6.18
166,en.15.119.153.2009.4.15
166,en.15.125.95.2009.5.21
166,en.15.130.188.2009.6.16
166,en.3.326.350.2009.9.2
166,en.15.136.182.2009.7.22
166,en.15.125.150.2009.5.20
166,en.15.212.317.2007.10.5
166,en.3.353.239.2010.3.13
166,en.13.1.306.2009.6.2
166,en.15.81.493.2008.8.25
166,en.15.128.317.2009.6.6
166,en.3.358.352.2010.4.15
166,en.15.79.208.2008.8.10
166,en.15.156.457.2009.12.17
167,en.15.204.340.2007.8.24
167,en.15.243.346.2008.2.18
167,en.15.101.38.2008.12.21
167,en.15.188.413.2007.6.4
167,en.15.90.130.2008.10.17
167,en.15.140.356.2009.8.21
167,en.3.358.335.2010.4.12
167,en.15.209.454.2007.9.25
167,en.2.289.471.2009.11.14
167,en.15.252.44.2008.3.19
167,en.15.110.134.2009.3.30
167,en.3.356.105.2010.4.1
167,en.2.266.3.2009.6.9
167,en.15.253.457.2008.3.26
167,en.3.356.318.2010.4.1
167,en.15.212.100.2007.10.8
167,en.15.204.210.2007.8.23
167,en.3.395.8.2007.10.4
167,en.15.234.467.2008.1.14
167,en.3.357.237.2010.4.5
167,en.3.377.66.2007.6.29
167,en.15.140.455.2009.8.21
167,en.3.356.407.2010.4.1
167,en.3.356.31.2010.4.2
167,en.2.278.256.2009.8.25
167,en.15.89.193.2008.10.12
167,en.2.281.240.2009.9.16
167,en.2.270.291.2009.7.4
167,en.3.389.415.2007.9.1
167,en.2.277.418.2009.8.18
167,en.2.277.252.2009.8.18
167,en.15.120.421.2009.4.22
167,en.3.356.428.2010.3.30
167,en.15.156.175.2009.12.13
167,en.3.372.270.2007.6.8
167,en.2.296.393.2010.1.20
167,en.15.82.48.2008.8.30
167,en.15.151.144.2009.11.4
167,en.3.356.372.2010.3.31
167,en.2.291.112.2009.11.30
167,en.15.216.31.2007.10.23
167,en.15.212.310.2007.10.8
167,en.13.8.6.2009.7.15
167,en.3.397.93.2007.10.12
167,en.15.201.85.2007.8.8
167,en.15.227.380.2007.12.11
167,en.15.215.84.2007.10.22
167,en.15.249.494.2008.3.12
167,en.15.90.1.2008.10.17
167,en.2.281.346.2009.9.10
168,en.2.264.180.2009.5.27
168,en.15.238.113.2008.1.30
168,en.15.167.213.2010.2.26
168,en.3.400.28.2007.10.24
168,en.15.82.87.2008.9.2
168,en.2.263.40.2009.5.26
168,en.15.84.400.2008.9.12
168,en.15.84.8.2008.9.12
168,en.15.124.469.2009.5.15
168,en.2.270.298.2009.7.3
168,en.15.220.203.2007.11.9
168,en.15.220.369.2007.11.8
168,en.15.238.174.2008.1.30
168,en.15.219.113.2007.11.4
168,en.13.1.360.2009.5.30
168,en.15.83.205.2008.9.7
168,en.2.264.97.2009.5.29
168,en.15.140.411.2009.8.21
168,en.15.132.213.2009.6.30
168,en.15.139.169.2009.8.11
168,en.15.123.289.2009.5.9
168,en.2.289.436.1970.1.1
168,en.15.147.362.2009.10.7
168,en.13.3.104.2009.6.11
168,en.15.124.147.2009.5.15
168,en.15.147.471.2009.10.3
168,en.13.30.94.2009.12.21
168,en.3.363.48.2010.5.11
168,en.15.124.489.2009.5.15
168,en.15.136.461.2009.7.27
168,en.3.326.69.2009.9.4
168,en.15.81.492.2008.8.26
168,en.15.108.192.2009.2.2
168,en.15.147.417.2009.10.2
168,en.3.417.390.2008.1.11
168,en.13.10.152.2009.7.28
168,en.15.238.69.2008.1.30
168,en.15.68.11.2008.5.27
168,en.13.10.304.2009.7.28
168,en.15.68.358.2008.5.27
168,en.3.331.28.2009.10.9
168,en.15.70.145.2008.6.10
168,en.2.264.270.2009.5.27
168,en.15.130.362.2009.6.16
168,en.15.110.137.2009.3.24
168,en.15.162.204.2010.1.25
168,en.15.106.497.2009.1.24
168,en.2.275.459.2009.8.4
168,en.2.262.111.2009.5.12
168,en.2.261.201.2009.5.5
169,en.15.95.229.2008.11.13
169,en.3.357.280.2010.4.5
169,en.15.228.44.2007.12.17
169,en.2.296.82.2010.1.20
169,en.3.333.18.2009.10.25
169,en.15.161.425.2010.1.20
169,en.15.215.347.2007.10.21
169,en.2.271.191.2009.7.8
169,en.15.110.140.2009.3.29
169,en.15.135.287.2009.7.20
169,en.15.98.375.2008.11.27
169,en.15.105.69.2009.1.13
169,en.15.83.116.2008.9.8
169,en.15.98.148.2008.11.27
169,en.15.227.299.2007.12.12
169,en.15.68.246.2008.5.26
169,en.2.263.22.2009.5.24
169,en.15.231.338.2008.1.1
169,en.2.283.337.2009.9.29
169,en.15.206.369.2007.8.31
169,en.2.262.220.2009.5.12
169,en.13.53.86.2010.5.13
169,en.15.101.305.2008.12.16
169,en.15.234.438.2008.1.16
169,en.15.94.165.2008.11.8
169,en.15.104.22.2009.1.8
169,en.3.414.359.2007.12.27
169,en.15.234.69.2008.1.15
169,en.3.398.23.2007.10.19
169,en.15.113.401.2009.3.7
169,en.2.277.90.2009.8.21
169,en.13.51.414.2010.5.3
169,en.3.407.174.2007.11.24
169,en.15.119.61.2009.4.15
169,en.3.376.42.2007.6.25
169,en.3.383.54.2007.8.5
169,en.2.264.70.2009.5.28
169,en.3.348.83.2010.2.6
169,en.3.406.159.2007.11.19
169,en.15.60.438.2008.4.10
169,en.15.229.335.2007.12.23
169,en.15.121.393.2009.4.24
169,en.15.98.330.2008.11.28
169,en.15.194.345.2007.7.6
169,en.15.192.495.2007.6.22
169,en.15.85.386.2008.9.18
169,en.3.356.486.2010.3.31
169,en.15.98.356.2008.12.2
169,en.13.27.317.2009.11.20
169,en.13.53.433.2010.5.12
170,en.15.101.124.2008.12.16
170,en.15.125.494.2009.5.18
170,en.3.398.359.2007.10.16
170,en.15.63.349.2008.4.22
170,en.3.322.495.2009.8.7
170,en.3.392.102.2007.9.19
170,en.3.403.302.2007.11.7
170,en.3.406.177.2007.11.18
170,en.15.251.52.2008.3.17
170,en.15.64.155.2008.4.28
170,en.15.68.332.2008.5.22
170,en.15.194.359.2007.7.4
170,en.15.232.10.2008.1.3
170,en.15.231.107.2007.12.30
170,en.3.377.335.2007.6.28
170,en.3.414.12.2007.12.29
170,en.15.116.448.2009.2.17
170,en.15.116.306.2009.2.18
170,en.15.209.222.2007.9.18
170,en.15.202.208.2007.8.15
170,en.2.258.418.2009.4.21
170,en.15.61.168.2008.4.15
170,en.15.209.197.2007.9.26
170,en.3.376.273.2007.6.23
170,en.15.132.162.2009.6.25
170,en.15.109.87.2009.3.30
170,en.15.249.229.2008.3.10
170,en.15.81.115.2008.8.22
170,en.15.194.435.2007.7.5
170,en.15.63.163.2008.4.22
170,en.15.61.31.2008.4.16
170,en.15.220.180.2007.11.11
170,en.2.262.405.2009.5.14
170,en.15.116.276.2009.2.19
170,en.2.271.122.2009.7.6
170,en.15.71.204.2008.6.15
170,en.15.109.91.2009.2.10
170,en.15.232.437.2008.1.5
170,en.13.5.357.2009.6.24
170,en.3.376.224.2007.6.25
170,en.15.117.114.2009.2.24
170,en.15.78.20.2008.8.6
170,en.3.417.391.2008.1.10
170,en.15.117.287.2009.2.23
170,en.3.405.133.2007.11.15
170,en.15.132.145.2009.6.28
170,en.15.112.66.2009.3.11
170,en.15.109.127.2009.3.31
170,en.15.132.444.2009.6.27
170,en.15.112.3.2009.3.9
171,en.3.395.123.2007.10.3
171,en.15.74.357.2008.7.1
171,en.3.379.217.2007.7.12
171,en.15.71.190.2008.6.18
171,en.15.109.343.2009.2.8
171,en.2.262.468.2009.5.12
171,en.15.67.41.2008.5.22
171,en.15.68.207.2008.5.27
171,en.15.125.131.2009.5.20
171,en.15.68.352.2008.5.25
171,en.3.349.343.2010.2.14
171,en.3.333.229.2009.10.26
171,en.2.260.316.2009.5.4
171,en.15.66.332.2008.5.13
171,en.15.67.152.2008.5.18
171,en.3.383.70.2007.7.31
171,en.15.194.127.2007.7.4
171,en.15.67.153.2008.5.21
171,en.3.379.230.2007.7.10
171,en.15.95.432.2008.11.11
171,en.3.374.44.2007.6.14
171,en.15.105.434.2009.1.20
171,en.15.201.150.2007.8.13
171,en.15.69.266.2008.6.3
171,en.15.220.387.2007.11.12
171,en.15.187.69.2007.5.31
171,en.3.349.273.2010.2.14
171,en.3.349.125.2010.2.14
171,en.13.55.206.2010.5.24
171,en.3.333.249.2009.10.26
171,en.3.339.311.2009.12.7
171,en.15.132.19.2009.6.25
171,en.3.349.183.2010.2.14
171,en.15.243.78.2008.2.17
171,en.13.31.456.2010.1.3
171,en.3.333.364.2009.10.28
171,en.15.100.328.2008.12.12
171,en.15.188.42.2007.6.6
171,en.15.68.302.2008.5.26
171,en.2.275.263.2009.8.5
171,en.15.67.6.2008.5.21
171,en.3.355.14.2010.3.24
171,en.15.132.18.2009.7.1
171,en.15.82.142.2008.9.1
171,en.2.317.332.2010.5.27
171,en.15.187.46.2007.5.30
171,en.3.398.200.2007.10.18
171,en.3.349.302.2010.2.16
171,en.3.333.370.2009.10.28
171,en.3.380.442.2007.7.15
172,en.3.381.130.2007.7.23
172,en.3.388.431.2007.8.31
172,en.15.196.21.2007.7.13
172,en.3.383.98.2007.8.1
172,en.3.354.305.2010.3.20
172,en.2.289.265.2009.11.17
172,en.15.203.408.2007.8.22
172,en.15.194.368.2007.7.5
172,en.15.140.39.2009.8.23
172,en.13.10.440.2009.7.28
172,en.3.381.449.2007.7.25
172,en.15.247.418.2008.3.3
172,en.15.107.490.2009.1.28
172,en.3.361.253.2010.4.28
172,en.15.245.45.2008.2.26
172,en.15.125.394.2009.5.17
172,en.15.91.245.2008.10.22
172,en.3.381.106.2007.7.21
172,en.3.381.204.2007.7.25
172,en.15.123.147.2009.5.7
172,en.15.202.262.2007.8.14
172,en.15.103.60.2009.1.1
172,en.3.403.27.2007.11.5
172,en.3.361.178.2010.4.27
172,en.15.69.33.2008.6.2
172,en.3.357.317.2010.4.5
172,en.3.408.404.2007.11.30
172,en.15.62.282.2008.4.20
172,en.15.201.359.2007.8.10
172,en.15.119.44.2009.4.13
172,en.3.350.499.2010.2.18
172,en.15.251.124.2008.3.18
172,en.13.31.165.2009.12.27
172,en.15.98.198.2008.11.27
172,en.13.54.466.2010.5.14
172,en.15.108.272.2009.2.3
172,en.13.55.6.2010.5.20
172,en.15.97.351.2008.11.24
172,en.3.373.326.2007.6.9
172,en.15.110.40.2009.3.24
172,en.3.375.383.2007.6.19
172,en.15.98.328.2008.11.26
172,en.2.279.91.2009.8.28
172,en.15.103.311.2009.1.4
172,en.3.392.54.2007.9.20
172,en.3.380.295.2007.7.19
172,en.3.383.250.2007.8.1
172,en.13.51.120.2010.5.3
172,en.2.283.25.2009.9.30
172,en.15.188.222.2007.6.4
173,en.3.414.233.2007.12.27
173,en.15.75.348.2008.7.10
173,en.3.390.295.2007.9.6
173,en.3.400.130.2007.10.26
173,en.3.361.75.2010.4.29
173,en.15.80.367.2008.8.15
173,en.3.407.325.2007.11.27
173,en.15.228.480.2007.12.18
173,en.15.218.180.2007.11.3
173,en.3.373.135.2007.6.11
173,en.15.110.157.2009.3.27
173,en.15.78.382.2008.8.6
173,en.15.238.81.2008.1.30
173,en.3.358.277.1970.1.1
173,en.3.400.398.2007.10.25
173,en.15.252.424.2008.3.23
173,en.15.218.174.2007.11.3
173,en.15.250.26.2008.3.13
173,en.15.238.140.2008.1.29
173,en.15.74.418.2008.7.5
173,en.15.227.225.2007.12.12
173,en.3.397.56.2007.10.14
173,en.15.216.187.2007.10.23
173,en.15.253.398.2008.3.26
173,en.15.81.221.2008.8.23
173,en.15.63.55.2008.4.25
173,en.15.246.275.2008.2.29
173,en.15.79.356.2008.8.8
173,en.15.250.160.2008.3.12
173,en.3.388.451.2007.8.30
173,en.15.209.7.2007.9.25
173,en.15.63.191.2008.4.25
173,en.15.243.226.2008.2.17
173,en.3.361.381.2010.4.29
173,en.15.251.112.2008.3.18
173,en.15.80.47.2008.8.14
173,en.3.410.33.2007.12.8
173,en.15.60.324.2008.4.10
173,en.15.229.103.2007.12.21
173,en.15.250.202.2008.3.15
173,en.3.393.302.2007.9.24
173,en.15.253.116.2008.3.24
173,en.15.245.22.2008.2.25
173,en.15.78.19.2008.8.6
173,en.15.79.237.2008.8.8
173,en.15.80.110.2008.8.19
173,en.3.417.446.2008.1.11
173,en.15.59.425.2008.4.9
173,en.15.80.235.2008.8.20
173,en.3.379.387.2007.7.11
174,en.2.291.229.2009.12.3
174,en.15.244.36.2008.2.22
174,en.15.240.208.2008.2.7
174,en.3.333.75.2009.10.25
174,en.15.60.38.2008.4.11
174,en.2.289.202.1970.1.1
174,en.15.130.119.2009.6.15
174,en.2.275.491.2009.8.4
174,en.15.110.254.2009.3.24
174,en.15.102.397.2008.12.23
174,en.15.109.60.2009.4.1
174,en.15.245.19.2008.2.25
174,en.15.104.248.2009.1.9
174,en.15.114.207.2009.3.4
174,en.15.238.192.2008.1.29
174,en.2.262.318.2009.5.12
174,en.3.322.82.2009.8.9
174,en.3.322.399.2009.8.9
174,en.2.261.100.2009.5.5
174,en.15.82.371.2008.9.1
174,en.15.130.347.2009.6.16
174,en.15.119.21.2009.4.13
174,en.15.246.237.2008.2.28
174,en.15.115.88.2009.2.12
174,en.2.278.67.2009.8.27
174,en.15.238.151.2008.1.29
174,en.3.373.258.2007.6.9
174,en.15.105.23.2009.1.19
174,en.13.8.438.2009.7.16
174,en.15.107.132.2009.1.29
174,en.3.398.446.2007.10.19
174,en.15.100.490.2008.12.12
174,en.15.106.477.2009.1.22
174,en.15.115.178.2009.2.13
174,en.15.115.418.2009.2.12
174,en.15.238.54.2008.1.29
174,en.15.237.79.2008.1.25
174,en.15.115.468.2009.2.12
174,en.15.128.232.2009.6.7
174,en.15.94.411.2008.11.6
174,en.15.65.130.2008.5.4
174,en.15.73.325.2008.6.25
174,en.15.240.111.2008.2.7
174,en.3.329.115.2009.9.26
174,en.2.263.458.2009.5.24
174,en.2.263.284.2009.5.23
174,en.15.102.473.2008.12.27
174,en.15.89.452.2008.10.13
174,en.15.97.239.2008.11.21
174,en.15.73.424.2008.6.25
175,en.15.167.96.2010.2.24
175,en.15.90.340.2008.10.17
175,en.15.86.348.2008.9.27
175,en.2.289.84.2009.11.16
175,en.3.382.145.2007.7.29
175,en.3.407.353.2007.11.25
175,en.15.167.438.2010.2.25
175,en.15.90.121.2008.10.17
175,en.15.255.320.2008.4.5
175,en.13.26.310.2009.11.12
175,en.15.90.294.2008.10.18
175,en.15.248.219.2008.3.5
175,en.13.26.290.2009.11.12
175,en.15.119.56.2009.4.10
175,en.15.167.441.2010.2.26
175,en.15.254.493.2008.3.30
175,en.15.115.219.2009.2.28
175,en.15.167.130.2010.2.24
175,en.3.390.323.2007.9.6
175,en.3.380.151.2007.7.18
175,en.2.289.107.2009.11.13
175,en.15.90.223.2008.10.17
175,en.15.75.183.2008.7.14
175,en.2.282.232.2009.9.17
175,en.15.87.278.2008.9.29
175,en.15.167.175.2010.2.24
175,en.15.79.21.2008.8.13
175,en.15.88.98.2008.10.4
175,en.15.151.4.2009.11.1
175,en.2.289.491.2009.11.14
175,en.15.85.4.2008.9.20
175,en.2.296.349.2010.1.18
175,en.3.397.461.2007.10.10
175,en.2.296.454.2010.1.20
175,en.15.88.248.2008.10.7
175,en.3.410.235.2007.12.8
175,en.3.322.285.2009.8.6
175,en.13.30.231.2009.12.26
175,en.13.27.491.2009.11.20
175,en.15.255.477.2008.3.31
175,en.15.79.442.2008.8.11
175,en.2.289.190.2009.11.16
175,en.15.172.285.2010.3.25
175,en.2.279.121.2009.8.31
175,en.15.232.77.2008.1.4
175,en.15.101.459.2008.12.16
175,en.3.403.363.2007.11.6
175,en.3.360.316.2010.4.24
175,en.15.140.316.2009.8.21
175,en.2.289.75.2009.11.14
